ND,NS,height,inc,percentage_of_access,min_duration,max_duration,avg_duration,min_waiting_time,max_waiting_time,avg_waiting_time,frequency,fluence,avg_fluence,fluence_rep
1,12,1673.317,102.88,388.593,15000,65000,50126.157,60000,85000,72423.292,13396,2507324.379,187169.631,1.45
1,13,1255.31,100.657,233.015,0,10000,6181.586,10000,60000,19020.664,65137,826533.306,12689.152,0.478
1,14,887.686,98.949,96.736,5000,5000,5000.0,10000,9535000,44102.479,33432,225536.205,6746.117,0.13
1,15,561.383,97.61,36.521,5000,5000,5000.0,5000,23985000,123135.646,12622,31221.045,2473.541,0.018
2,23,1904.828,104.251,410.353,0,15000,10496.018,10000,20000,13803.306,67558,3954732.58,58538.331,4.577
2,25,1457.346,101.692,314.302,5000,25000,14935.102,20000,65000,30207.072,36365,1543920.682,42456.226,1.786
2,27,1065.824,99.749,136.686,5000,5000,5000.0,5000,700000,29750.518,47239,403631.238,8544.449,0.467
2,29,719.846,98.241,59.976,5000,5000,5000.0,20000,17515000,74021.807,20728,85721.943,4135.562,0.099
2,31,411.486,97.046,17.537,5000,5000,5000.0,40000,31115000,260736.798,6061,6493.732,1071.396,0.007
3,34,1985.766,104.756,414.846,5000,10000,5380.945,5000,20000,6941.487,133221,4541667.713,34091.229,7.884
3,35,1825.822,103.771,408.214,10000,15000,11768.744,10000,20000,15619.817,59938,3653413.398,60953.208,6.342
3,37,1527.714,102.069,357.899,0,10000,7135.357,5000,35000,11804.714,86674,1993069.668,22995.011,3.46
3,38,1388.525,101.331,294.638,0,10000,5006.736,5000,80000,11136.455,101690,1339035.306,13167.816,2.324
3,40,1127.669,100.039,182.719,0,25000,6158.497,5000,70000,25861.258,51269,581045.877,11333.278,1.008
3,41,1005.239,99.472,121.076,5000,15000,9048.916,20000,3765000,61952.854,23121,334327.927,14459.925,0.58
3,43,774.707,98.468,68.622,5000,5000,5000.0,10000,15540000,64114.062,23716,112696.17,4751.904,0.195
3,44,666.025,98.022,51.82,5000,10000,6407.054,50000,19410000,109641.502,13976,63600.233,4550.674,0.11
3,46,460.546,97.227,23.385,5000,5000,5000.0,30000,28985000,194523.573,8082,12278.062,1519.186,0.021
3,47,363.297,96.872,11.105,5000,5000,5000.0,15000,34510000,413793.328,3838,2661.484,693.456,0.004
4,47,1787.02,103.54,406.247,10000,25000,17343.487,15000,30000,23214.082,40476,3359059.892,82988.929,7.775
4,49,1563.495,102.265,358.078,5000,60000,23173.663,5000,80000,38308.426,26701,1994841.059,74710.35,4.617
4,51,1354.677,101.157,275.497,5000,15000,6988.139,5000,60000,17109.052,68124,1149835.311,16878.564,2.661
4,53,1159.077,100.189,182.699,5000,10000,5000.633,5000,75000,21001.473,63133,581570.645,9211.832,1.346
4,55,975.405,99.337,121.004,5000,5000,5000.0,15000,3370000,34253.67,41819,334611.593,8001.425,0.774
4,57,802.539,98.584,76.976,5000,10000,5094.993,25000,13310000,57720.064,26107,144922.793,5551.108,0.335
5,57,1953.154,104.551,413.541,5000,20000,13498.299,15000,20000,17510.719,52940,4251510.452,80308.093,12.301
5,58,1857.197,103.96,408.457,0,10000,5176.646,5000,20000,6863.361,136346,3656557.275,26818.221,10.58
4,59,639.495,97.916,51.895,5000,15000,7805.971,60000,22270000,133421.258,11488,63501.686,5527.653,0.146
5,59,1763.959,103.404,402.98,5000,10000,6913.446,5000,15000,9384.599,100724,3069893.294,30478.27,8.882
4,61,485.41,97.32,29.806,5000,35000,22403.218,280000,26245000,680335.073,2299,20385.357,8867.054,0.047
5,61,1585.159,102.384,372.962,5000,15000,8716.963,10000,20000,13486.602,73934,2241571.939,30318.553,6.486
5,62,1499.378,101.916,340.052,0,10000,5006.731,5000,90000,8980.513,117364,1761791.322,15011.343,5.097
4,63,339.522,96.787,11.056,5000,5000,5000.0,45000,34185000,415770.942,3821,2658.975,695.884,0.006
5,63,1415.871,101.474,294.73,5000,15000,7772.41,10000,35000,17279.816,65526,1339891.598,20448.243,3.877
5,64,1334.545,101.054,275.442,5000,85000,10883.428,5000,150000,26650.164,43733,1149219.367,26278.082,3.325
5,66,1178.081,100.28,206.984,5000,10000,5029.812,5000,150000,18055.168,71110,693946.823,9758.779,2.007
5,67,1102.777,99.922,158.234,5000,10000,5147.014,5000,105000,25754.569,53124,484952.648,9128.692,1.403
5,68,1029.324,99.581,136.507,5000,25000,16238.813,40000,975000,96775.559,14526,403222.653,27758.684,1.166
5,69,957.65,99.258,107.847,5000,5000,5000.0,10000,6880000,39041.614,37272,275960.41,7403.96,0.798
5,71,819.368,98.656,77.08,5000,15000,10258.394,70000,13165000,116027.882,12984,144882.697,11158.556,0.419
6,71,1748.675,103.315,402.731,5000,10000,5142.696,5000,20000,6988.383,135322,3068642.606,22676.598,10.655
5,72,752.636,98.376,68.59,5000,5000,5000.0,5000,15430000,64132.424,23705,112646.712,4752.023,0.325
5,73,687.43,98.109,59.979,5000,5000,5000.0,20000,18090000,73991.943,20729,85650.867,4131.934,0.247
6,73,1599.685,102.465,373.266,5000,10000,5751.988,5000,35000,8887.367,112136,2242417.746,19997.304,7.786
5,74,623.697,97.854,44.172,5000,5000,5000.0,25000,21900000,101089.747,15266,45528.928,2982.374,0.131
5,76,500.438,97.377,29.661,5000,5000,5000.0,40000,26120000,152524.39,10251,20350.63,1985.233,0.058
5,77,440.816,97.154,23.469,5000,5000,5000.0,15000,29210000,193775.585,8111,12274.748,1513.345,0.035
6,77,1321.197,100.987,256.209,5000,25000,8368.079,5000,40000,22659.528,52907,978546.059,18495.587,3.397
5,78,382.47,96.941,17.494,5000,5000,5000.0,35000,31130000,261357.32,6046,6479.787,1071.747,0.018
5,79,325.358,96.737,11.16,5000,55000,33307.426,5000,34485000,2746626.297,579,2666.424,4605.223,0.007
6,79,1190.816,100.341,207.002,5000,10000,5685.99,5000,90000,20408.533,62909,693821.044,11028.963,2.409
7,79,2009.257,104.905,415.083,5000,10000,5285.55,5000,20000,6811.469,135703,4545079.027,33492.841,18.411
7,80,1939.275,104.465,413.368,10000,50000,38585.782,40000,60000,50092.377,18512,4249284.11,229542.14,17.213
7,81,1870.736,104.043,408.816,5000,10000,5035.605,5000,30000,6666.048,140288,3657493.37,26071.32,14.816
7,82,1803.593,103.639,406.464,5000,290000,65734.206,5000,390000,87854.736,10685,3360069.538,314466.03,13.611
6,83,945.872,99.205,106.571,5000,5000,5000.0,10000,12675000,39571.409,36831,276182.809,7498.65,0.958
7,83,1737.801,103.251,402.679,5000,10000,5015.388,5000,50000,6816.877,138739,3067436.392,22109.402,12.425
6,85,830.643,98.704,86.148,5000,240000,144249.031,5000,11635000,1446217.264,1032,182399.917,176744.106,0.633
7,85,1610.1,102.523,373.417,0,10000,5076.07,5000,30000,7837.835,127119,2242840.874,17643.632,9.085
7,86,1548.111,102.181,358.061,5000,30000,17822.104,5000,40000,29462.927,34717,1994190.128,57441.314,8.078
7,87,1487.311,101.852,340.228,0,10000,5412.236,5000,25000,9700.071,108627,1761226.186,16213.521,7.134
7,88,1427.665,101.535,315.792,0,20000,13532.971,15000,60000,27177.719,40323,1539211.413,38172.046,6.235
6,89,613.214,97.812,44.207,5000,5000,5000.0,15000,21650000,100987.432,15278,45536.238,2980.51,0.158
7,89,1369.138,101.231,275.541,5000,10000,5345.807,5000,375000,13084.285,89067,1149706.72,12908.335,4.657
7,90,1311.697,100.939,256.197,5000,15000,6889.034,5000,55000,18655.659,64263,978413.205,15225.14,3.963
6,91,510.502,97.415,29.797,5000,5000,5000.0,25000,26665000,151861.221,10298,20370.49,1978.101,0.07
8,91,1965.347,104.628,413.663,5000,15000,8605.636,5000,15000,11157.689,83063,4253329.181,51206.062,19.691
7,92,1199.946,100.386,207.152,5000,15000,7020.475,10000,60000,25175.24,50988,694270.429,13616.349,2.812
7,93,1145.577,100.124,182.618,5000,10000,5118.321,10000,100000,21507.874,61654,581277.862,9428.064,2.354
8,93,1845.396,103.889,408.512,5000,10000,6408.973,5000,10000,8495.183,110144,3654243.131,33176.96,16.917
7,94,1092.173,99.872,158.168,5000,10000,5006.044,10000,120000,25061.451,54597,484843.24,8880.4,1.964
6,95,315.956,96.703,3.914,5000,5000,5000.0,85000,38785000,1180695.266,1353,540.806,399.708,0.001
7,95,1039.707,99.629,136.657,5000,15000,7868.09,15000,390000,46829.434,30013,403391.221,13440.549,1.634
8,95,1729.67,103.204,402.685,5000,10000,5223.984,5000,20000,7100.262,133201,3066432.411,23021.091,14.196
7,96,988.154,99.394,121.105,5000,10000,5221.307,20000,4130000,35730.931,40080,334516.381,8346.217,1.355
7,97,937.488,99.168,107.795,5000,5000,5000.0,5000,8440000,39065.175,37254,276018.805,7409.105,1.118
8,97,1617.935,102.567,373.411,5000,10000,5004.576,5000,1280000,7727.523,128933,2242187.189,17390.328,10.38
7,99,838.723,98.738,86.223,5000,20000,12700.963,85000,11245000,127210.997,11731,182466.47,15554.212,0.739
8,99,1509.974,101.973,340.141,0,10000,5109.267,5000,30000,9160.712,115039,1762264.485,15318.843,8.158
7,100,790.578,98.534,76.918,5000,5000,5000.0,15000,13065000,56678.767,26583,145155.401,5460.459,0.588
7,101,743.228,98.337,68.651,5000,5000,5000.0,5000,15830000,64075.026,23726,112651.751,4748.029,0.456
8,101,1405.588,101.42,294.84,5000,10000,5913.86,5000,25000,13140.858,86151,1339466.265,15547.889,6.201
7,102,696.654,98.146,60.135,5000,5000,5000.0,15000,17750000,73801.366,20783,85614.033,4119.426,0.346
7,103,650.834,97.961,51.906,5000,565000,326163.636,5000,22145000,5576186.131,275,63543.859,231068.58,0.257
8,103,1304.592,100.903,256.07,0,10000,5916.037,10000,35000,16031.967,74795,978487.03,13082.251,4.53
9,103,1931.589,104.417,413.084,5000,1410000,1101558.641,5000,1660000,1432140.649,648,4245814.78,6552183.302,22.113
7,104,605.75,97.783,44.143,5000,5000,5000.0,15000,22405000,101159.292,15256,45523.463,2983.971,0.184
9,104,1878.282,104.089,410.112,0,10000,5312.804,5000,20000,6993.942,133390,3951742.961,29625.481,20.581
8,105,1206.812,100.419,206.973,5000,15000,9154.551,15000,55000,32863.542,39068,694224.445,17769.643,3.214
7,106,517.714,97.442,29.782,5000,5000,5000.0,20000,26405000,151889.331,10293,20365.172,1978.545,0.082
9,106,1774.188,103.464,403.061,5000,15000,9418.772,10000,15000,12780.88,73947,3070430.282,41522.039,15.991
7,107,474.726,97.28,23.394,5000,10000,7161.204,90000,29955000,278410.701,5645,12278.52,2175.114,0.049
8,107,1112.088,99.965,158.269,0,15000,5373.084,5000,115000,26878.229,50900,484979.192,9528.078,2.245
9,107,1723.36,103.167,398.02,0,10000,5745.336,5000,20000,7967.713,119711,2783983.7,23255.872,14.499
7,108,432.403,97.123,23.37,5000,5000,5000.0,10000,29365000,194652.055,8077,12272.113,1519.39,0.049
7,109,390.728,96.971,17.473,5000,5000,5000.0,30000,31500000,261651.209,6039,6487.185,1074.215,0.026
8,109,1020.269,99.54,121.073,5000,430000,257020.884,5000,5105000,1758616.236,814,334472.651,410900.062,1.548
9,109,1624.041,102.601,373.486,0,10000,5060.453,5000,40000,7811.289,127535,2244357.867,17597.975,11.689
7,110,349.686,96.823,11.218,5000,5000,5000.0,25000,34120000,409659.442,3877,2666.583,687.795,0.01
9,110,1575.513,102.331,372.989,0,20000,13610.495,5000,30000,21055.771,47355,2240997.426,47323.353,11.671
7,111,309.26,96.68,3.877,5000,5000,5000.0,45000,39295000,1192057.505,1340,537.393,401.04,0.002
8,111,931.216,99.14,107.789,5000,5000,5000.0,5000,6625000,39068.347,37252,275605.168,7398.399,1.275
9,112,1480.627,101.816,340.109,0,10000,6115.99,5000,25000,10967.396,96094,1760895.3,18324.716,9.171
8,113,844.798,98.764,86.177,5000,15000,8082.663,50000,11760000,80977.31,18424,182414.683,9900.927,0.844
9,113,1434.237,101.57,314.16,5000,35000,23086.115,30000,105000,46726.63,23515,1543319.303,65631.269,8.038
10,113,2002.192,104.86,415.159,5000,10000,5034.668,5000,30000,6486.104,142491,4544217.445,31891.259,26.297
8,115,760.893,98.41,68.654,5000,5000,5000.0,10000,15425000,64075.276,23727,112653.532,4747.904,0.521
9,115,1343.477,101.1,275.57,5000,25000,9147.904,5000,40000,22388.334,52054,1149474.696,22082.35,5.986
9,116,1299.077,100.875,256.594,5000,10000,5441.564,5000,80000,14705.149,81483,977904.338,12001.329,5.093
8,117,679.384,98.076,59.93,5000,5000,5000.0,25000,17630000,74083.337,20712,85664.004,4135.96,0.396
10,117,1810.246,103.678,406.634,5000,45000,35186.029,5000,55000,47019.63,19970,3361443.784,168324.676,19.452
9,118,1212.162,100.445,207.149,5000,25000,12839.592,25000,75000,46043.654,27879,694385.439,24907.114,3.616
8,119,600.165,97.761,44.172,5000,5000,5000.0,10000,22070000,101043.891,15266,45518.048,2981.661,0.21
9,119,1169.62,100.239,182.919,5000,5000,5000.0,5000,90000,20967.951,63217,581606.928,9200.166,3.029
10,119,1718.321,103.138,397.936,5000,10000,6420.434,5000,10000,8907.189,107101,2783664.652,25991.023,16.109
8,121,523.135,97.463,29.777,5000,5000,5000.0,15000,26220000,151923.226,10291,20365.175,1978.93,0.094
9,121,1086.297,99.845,158.206,5000,5000,5000.0,5000,315000,25020.941,54676,484758.711,8866.023,2.524
10,121,1628.935,102.628,388.156,5000,10000,5282.875,5000,20000,7646.834,126964,2504443.238,19725.617,14.493
9,122,1045.491,99.655,136.504,5000,10000,6392.065,10000,5970000,38094.089,36902,403381.165,10931.146,2.1
8,123,448.198,97.182,23.402,5000,5000,5000.0,20000,29235000,194358.229,8088,12277.77,1518.023,0.056
10,123,1541.978,102.147,358.02,5000,20000,13033.475,5000,30000,21550.688,47467,1993915.638,42006.354,11.538
9,124,965.528,99.293,107.826,5000,5000,5000.0,10000,6865000,39052.973,37265,275933.693,7404.634,1.437
11,124,2015.692,104.946,415.37,0,10000,5882.121,5000,10000,7571.031,122024,4546079.099,37255.614,28.939
8,125,375.264,96.915,17.534,5000,5000,5000.0,10000,31705000,260709.688,6060,6485.055,1070.141,0.03
9,125,926.347,99.119,107.734,5000,5000,5000.0,5000,6925000,39087.075,37233,275747.533,7405.998,1.436
11,125,1970.903,104.662,413.807,5000,10000,7390.342,5000,15000,9576.145,96756,4253475.475,43960.844,27.076
11,126,1926.708,104.386,413.09,30000,70000,55823.883,60000,85000,72562.177,12787,4248226.84,332230.143,27.043
8,127,304.25,96.662,3.897,5000,5000,5000.0,70000,39655000,1185360.326,1347,538.394,399.698,0.002
9,127,849.532,98.784,86.617,5000,10000,6476.633,35000,10910000,64522.913,23110,181060.938,7834.744,0.943
10,127,1374.942,101.261,275.665,0,10000,5105.792,5000,45000,12489.951,93296,1150100.717,12327.438,6.655
11,127,1883.093,104.118,410.153,5000,10000,5793.808,5000,10000,7625.912,122328,3951931.342,32306.024,25.156
9,128,811.876,98.624,77.042,5000,10000,6633.944,40000,13195000,75096.676,20068,145000.911,7225.478,0.755
11,128,1840.046,103.857,408.399,5000,10000,7316.748,5000,15000,9703.217,96452,3654817.503,37892.604,23.265
10,129,1294.672,100.853,256.111,5000,10000,5217.268,5000,180000,14135.455,84826,978027.667,11529.81,5.659
11,129,1797.557,103.603,406.44,5000,65000,47904.644,5000,80000,64069.577,14661,3359840.066,229168.546,21.387
9,130,738.016,98.315,68.582,5000,5000,5000.0,5000,15630000,64134.635,23702,112570.36,4749.403,0.586
11,130,1755.613,103.355,402.815,0,10000,5681.792,5000,20000,7718.212,122508,3069106.025,25052.29,19.537
9,131,701.791,98.167,59.89,5000,5000,5000.0,10000,17605000,74133.207,20698,85618.106,4136.54,0.445
10,131,1216.45,100.466,207.074,5000,35000,19313.704,35000,115000,69294.505,18527,694453.261,37483.308,4.018
11,131,1714.204,103.114,398.035,5000,10000,7153.681,5000,15000,9920.225,96147,2783777.145,28953.343,17.72
9,133,630.707,97.881,51.689,5000,10000,5220.338,35000,21545000,90449.178,17110,63477.752,3709.979,0.33
10,133,1140.193,100.098,182.664,5000,15000,5379.548,5000,130000,22597.743,58675,581264.75,9906.514,3.363
11,133,1632.944,102.651,388.107,0,10000,5610.115,5000,20000,8122.249,119543,2504659.6,20951.955,15.944
9,134,595.829,97.744,44.163,5000,5000,5000.0,10000,21875000,101092.91,15263,45495.91,2980.797,0.236
11,134,1593.074,102.428,373.234,5000,10000,6735.77,5000,30000,10408.933,95750,2241961.23,23414.738,14.271
11,135,1553.697,102.211,358.11,5000,60000,23147.116,5000,80000,38259.267,26734,1994138.514,74591.849,12.694
9,136,527.358,97.479,36.487,5000,5000,5000.0,15000,23990000,123253.231,12610,31199.37,2474.176,0.162
11,136,1514.802,102.0,340.341,5000,10000,5329.593,5000,45000,9546.929,110348,1762540.005,15972.559,11.219
9,137,493.749,97.352,29.557,5000,10000,6320.381,65000,29495000,193198.019,8081,20360.614,2519.566,0.106
10,137,993.269,99.417,121.076,0,10000,5757.609,25000,3225000,39419.187,36338,334526.896,9205.979,1.935
11,137,1476.382,101.793,340.04,5000,10000,6750.183,5000,30000,12108.171,87048,1760826.307,20228.222,11.208
12,137,1945.051,104.501,413.807,5000,30000,21762.79,20000,35000,28199.719,32857,4250367.741,129359.58,29.516
11,138,1438.426,101.592,314.227,5000,60000,42637.22,5000,190000,86271.792,12735,1543607.343,121209.842,9.826
9,139,427.741,97.106,23.402,5000,5000,5000.0,10000,28865000,194355.137,8088,12284.306,1518.831,0.063
10,139,922.458,99.102,96.524,5000,5000,5000.0,5000,8895000,44206.037,33359,225903.373,6771.886,1.307
11,139,1400.925,101.396,294.728,5000,10000,5449.108,5000,50000,12115.084,93463,1339320.123,14329.95,8.525
12,139,1865.088,104.008,408.59,5000,15000,5011.89,5000,60000,6640.981,140874,3656852.277,25958.319,25.394
9,140,395.327,96.988,17.5,5000,5000,5000.0,50000,31560000,261139.407,6048,6479.462,1071.339,0.033
11,140,1363.872,101.204,275.63,5000,10000,5727.53,5000,50000,14012.891,83158,1149916.867,13828.096,7.32
10,141,853.325,98.801,86.171,5000,10000,5714.806,30000,11405000,57281.903,26056,182444.598,7002.018,1.055
11,141,1327.257,101.017,275.625,5000,50000,10473.677,5000,85000,25624.656,45474,1149147.077,25270.419,7.315
9,142,331.644,96.759,11.183,5000,10000,5648.933,95000,34245000,464219.298,3421,2669.5,780.327,0.013
11,142,1291.072,100.835,256.122,5000,10000,5097.379,5000,60000,13809.027,86825,978019.697,11264.263,6.225
9,143,300.359,96.649,3.946,5000,5000,5000.0,90000,38820000,1170770.359,1364,543.105,398.171,0.002
10,143,785.807,98.514,77.013,5000,5000,5000.0,15000,13220000,56617.884,26616,144913.93,5444.617,0.838
12,143,1710.776,103.094,397.951,5000,10000,7902.502,5000,15000,10962.513,87018,2783145.242,31983.557,19.327
11,144,1219.962,100.483,207.103,5000,55000,33399.44,5000,200000,119814.261,10715,694819.22,64845.47,4.423
11,145,1185.021,100.313,206.782,5000,10000,5253.392,5000,75000,18881.733,68017,693913.622,10202.061,4.417
12,145,1636.289,102.67,388.226,5000,10000,5983.899,5000,20000,8658.894,112110,2504915.137,22343.369,17.395
11,146,1150.479,100.147,182.667,5000,10000,5028.596,10000,65000,21122.988,62771,581291.855,9260.516,3.7
10,147,655.383,97.98,51.927,5000,30000,18219.289,170000,19910000,311104.792,4925,63419.385,12877.032,0.367
11,147,1116.329,99.985,158.266,5000,20000,5369.294,5000,100000,26858.876,50935,484860.115,9519.193,3.086
13,147,1998.395,104.836,423.666,0,15000,5014.177,5000,22195000,6229.281,146005,4640435.532,31782.716,34.91
11,148,1082.564,99.827,158.197,0,5000,4999.908,5000,115000,25024.966,54674,484670.962,8864.743,3.085
13,148,1960.652,104.598,413.735,5000,15000,10002.308,10000,15000,12964.561,71477,4252840.961,59499.432,31.994
10,149,592.365,97.73,44.126,5000,5000,5000.0,10000,21945000,101152.862,15250,45486.526,2982.723,0.263
11,149,1049.178,99.672,136.66,5000,10000,5806.634,10000,850000,34558.375,40669,403474.675,9920.939,2.568
12,149,1492.333,101.879,340.06,5000,10000,5107.917,5000,40000,9161.69,115042,1761393.354,15310.872,12.231
13,149,1923.332,104.366,410.512,5000,45000,33440.107,35000,50000,43947.765,21213,3956679.102,186521.43,29.766
11,150,1016.162,99.521,121.056,5000,45000,28495.436,80000,3535000,195135.558,7341,334558.989,45574.034,2.129
13,150,1886.427,104.138,410.173,5000,10000,6222.772,5000,10000,8189.727,113901,3952517.964,34701.345,29.735
10,151,530.742,97.492,36.435,5000,5000,5000.0,30000,24010000,123422.285,12592,31230.488,2480.184,0.18
11,151,983.512,99.373,121.195,5000,10000,5021.7,20000,3190000,34341.414,41704,334575.141,8022.615,2.129
12,151,1422.746,101.51,292.392,5000,15000,10266.906,10000,45000,23090.975,49212,1340068.262,27230.518,9.306
13,151,1849.93,103.916,408.544,5000,10000,5800.29,5000,20000,7687.308,121712,3655609.421,30034.913,27.501
11,152,951.22,99.229,107.826,5000,5000,5000.0,10000,7035000,39052.436,37265,276027.676,7407.156,1.757
13,152,1813.834,103.7,406.782,20000,30000,24204.4,25000,40000,32322.83,29041,3362219.132,115774.909,25.294
10,153,470.464,97.264,23.33,5000,10000,5412.862,55000,29225000,211103.8,7448,12271.353,1647.603,0.071
11,153,919.28,99.088,96.617,5000,5000,5000.0,5000,9490000,44162.174,33391,225866.378,6764.289,1.437
13,153,1778.131,103.488,406.218,5000,15000,11028.547,10000,20000,14763.303,63648,3358227.619,52762.5,25.264
13,154,1742.815,103.28,402.838,5000,15000,5020.048,5000,40000,6818.568,138665,3067090.407,22118.706,23.074
11,155,856.432,98.814,86.076,5000,10000,5301.917,25000,16275000,53113.927,28054,182313.791,6498.673,1.16
12,155,1288.076,100.82,256.316,5000,10000,5028.153,5000,45000,13608.008,88087,978769.079,11111.39,6.797
13,155,1707.88,103.078,397.945,5000,15000,8672.156,10000,15000,12030.57,79294,2783099.027,35098.481,20.937
11,156,825.512,98.682,86.056,5000,40000,23888.353,170000,11275000,239792.737,6225,182291.686,29283.805,1.16
10,157,353.762,96.838,11.163,5000,5000,5000.0,20000,34280000,411800.622,3858,2666.676,691.206,0.015
11,157,794.922,98.552,77.048,5000,5000,5000.0,20000,13125000,56579.036,26628,144971.109,5444.31,0.922
12,157,1222.892,100.497,207.016,5000,145000,88174.759,5000,530000,316409.023,4057,694425.541,171167.252,4.822
13,157,1639.123,102.686,388.194,0,10000,6372.73,5000,25000,9222.781,105261,2504730.176,23795.424,18.843
11,158,764.654,98.426,68.593,5000,5000,5000.0,10000,15290000,64131.195,23706,112648.838,4751.912,0.717
13,158,1605.289,102.496,373.353,0,10000,5280.754,5000,20000,8156.175,122171,2242451.314,18355.021,16.87
11,159,734.703,98.302,69.01,5000,5000,5000.0,5000,15840000,63701.832,23850,112590.595,4720.779,0.716
13,159,1571.81,102.311,358.168,5000,25000,15644.969,5000,40000,25852.018,39560,1994957.686,50428.657,15.008
14,159,1974.083,104.682,413.836,5000,10000,6837.923,5000,10000,8859.187,104580,4254214.324,40679.043,34.467
11,160,705.065,98.18,59.962,5000,5000,5000.0,10000,17325000,74046.665,20723,85655.043,4133.332,0.545
13,160,1538.681,102.129,357.968,0,15000,11059.717,5000,25000,18291.226,55930,1993888.552,35649.714,15.0
11,161,675.734,98.061,59.904,5000,10000,5019.152,30000,17650000,74370.605,20624,85620.538,4151.5,0.545
12,161,1096.587,99.893,158.206,5000,10000,5040.563,10000,100000,25227.251,54236,484815.434,8938.996,3.366
13,161,1505.894,101.951,340.225,5000,10000,5018.095,5000,30000,8993.7,117158,1761842.759,15038.177,13.254
11,162,646.706,97.945,51.822,5000,30000,18212.324,170000,20235000,314798.616,4917,63547.041,12923.945,0.404
13,162,1473.446,101.778,314.479,5000,10000,7274.893,5000,35000,14701.527,74698,1544639.408,20678.457,11.62
11,163,617.974,97.831,44.071,5000,5000,5000.0,20000,22000000,101326.001,15231,45543.294,2990.171,0.289
12,163,1035.377,99.609,136.611,5000,15000,9852.462,20000,910000,58662.089,23960,403258.776,16830.499,2.8
13,163,1441.329,101.607,314.299,5000,150000,105417.313,5000,475000,213200.349,5152,1543624.26,299616.51,11.612
14,163,1836.993,103.838,408.472,5000,10000,7964.164,5000,15000,10558.47,88627,3654280.671,41232.137,29.606
11,164,589.534,97.719,44.094,5000,5000,5000.0,10000,21900000,101267.226,15239,45525.474,2987.431,0.289
13,164,1409.539,101.441,294.768,5000,10000,6454.457,5000,30000,14347.399,78916,1339575.305,16974.698,10.077
13,165,1378.071,101.277,294.615,5000,10000,5053.553,5000,30000,11241.723,100740,1338821.281,13289.867,10.072
14,165,1770.531,103.443,402.824,5000,15000,8335.189,5000,15000,11322.236,83511,3068381.645,36742.245,24.859
11,166,533.514,97.503,36.174,5000,5000,5000.0,10000,30460000,124241.66,12502,31637.495,2530.594,0.201
13,166,1346.919,101.117,275.497,5000,20000,8473.984,5000,30000,20746.911,56179,1149581.521,20462.833,8.648
11,167,505.923,97.398,29.794,5000,5000,5000.0,30000,26925000,151823.523,10297,20373.093,1978.546,0.129
12,167,916.634,99.076,96.571,5000,5000,5000.0,5000,8770000,44183.496,33375,225806.272,6765.731,1.568
13,167,1316.078,100.961,256.16,0,15000,7566.063,5000,30000,20493.82,58504,978584.227,16726.791,7.362
14,167,1705.398,103.063,397.867,5000,15000,9460.26,10000,15000,13128.465,72674,2782606.701,38288.888,22.544
11,168,478.607,97.295,29.736,5000,20000,13910.395,170000,26445000,423425.399,3694,20351.129,5509.239,0.129
13,168,1285.543,100.807,253.087,5000,10000,5000.171,5000,30000,13768.507,87464,975951.498,11158.322,7.342
11,169,451.56,97.194,23.289,5000,5000,5000.0,20000,28870000,195342.942,8049,12274.495,1524.971,0.078
12,169,859.024,98.825,86.171,5000,10000,5094.252,25000,11380000,51044.168,29230,182424.684,6241.008,1.266
14,169,1641.553,102.699,388.284,5000,10000,6770.689,5000,30000,9794.996,99097,2505027.53,25278.54,20.295
15,169,2018.699,104.965,415.465,5000,10000,6258.008,5000,10000,8051.56,114721,4547301.108,39637.913,39.473
11,170,424.778,97.095,17.537,5000,5000,5000.0,10000,31145000,260693.894,6061,6497.971,1072.095,0.041
13,170,1225.374,100.509,232.91,5000,365000,221015.925,5000,1265000,680197.802,1821,826045.528,453621.926,6.214
11,171,398.258,96.998,17.537,5000,5000,5000.0,5000,32785000,260634.488,6061,6493.224,1071.312,0.041
13,171,1195.729,100.365,206.97,5000,10000,6272.602,10000,70000,22518.328,57017,694259.187,12176.354,5.223
14,171,1578.955,102.35,373.098,5000,15000,11366.425,10000,25000,17575.546,56721,2241326.014,39514.924,18.158
11,172,371.995,96.903,11.18,5000,5000,5000.0,45000,34040000,411142.894,3864,2660.448,688.521,0.016
13,172,1166.372,100.223,182.673,5000,5000,5000.0,5000,85000,21002.518,63132,581582.925,9212.173,4.375
15,172,1920.859,104.35,410.656,10000,35000,25905.921,25000,40000,34024.497,27392,3956187.626,144428.578,34.341
11,173,345.986,96.81,11.293,5000,5000,5000.0,30000,34000000,406974.628,3903,2676.741,685.816,0.017
12,173,747.144,98.353,68.585,5000,5000,5000.0,5000,15140000,64124.546,23703,112618.968,4751.253,0.782
13,173,1137.298,100.085,182.69,5000,15000,5580.815,5000,90000,23439.61,56567,581237.815,10275.21,4.372
14,173,1517.565,102.014,340.613,5000,10000,5523.512,5000,75000,9881.707,106559,1761010.766,16526.157,14.267
15,173,1888.875,104.153,410.332,0,10000,6582.206,5000,10000,8656.959,107723,3952640.459,36692.632,34.311
11,174,320.225,96.719,3.909,5000,10000,5487.408,175000,39100000,1297532.52,1231,539.522,438.279,0.003
13,174,1108.503,99.949,158.278,5000,15000,5341.477,5000,120000,26718.649,51204,484828.736,9468.571,3.647
12,175,692.807,98.13,59.907,5000,5000,5000.0,15000,17930000,74110.273,20704,85634.004,4136.109,0.594
13,175,1079.983,99.815,158.159,5000,5000,5000.0,5000,130000,25033.297,54660,484718.262,8867.878,3.646
13,176,1051.733,99.684,136.741,5000,10000,5503.563,15000,570000,32731.931,42934,403680.408,9402.347,3.036
15,176,1794.744,103.586,406.504,5000,45000,34178.668,5000,55000,45698.992,20552,3360025.352,163488.972,29.166
13,177,1023.749,99.556,121.128,5000,70000,42838.722,5000,3455000,293163.766,4886,334611.254,68483.678,2.517
14,177,1398.264,101.382,294.907,5000,10000,5246.684,5000,940000,11654.689,97128,1340018.168,13796.414,10.856
13,178,996.027,99.43,121.024,5000,10000,6194.976,30000,3785000,42434.013,33758,334469.16,9907.848,2.516
15,178,1733.462,103.226,402.485,0,10000,5073.68,5000,20000,6901.946,137079,3067318.143,22376.28,26.626
12,179,587.177,97.71,44.143,5000,5000,5000.0,10000,22250000,101160.93,15256,45520.955,2983.806,0.316
13,179,968.564,99.306,107.838,5000,5000,5000.0,15000,6875000,39046.903,37269,276004.239,7405.732,2.076
14,179,1340.284,101.084,275.431,5000,30000,9761.973,5000,50000,23908.089,48755,1149400.2,23575.022,9.312
15,179,1703.25,103.051,397.89,5000,15000,10271.98,10000,20000,14253.144,66935,2782466.484,41569.679,24.153
13,180,941.355,99.185,107.714,0,5000,4999.865,5000,6860000,39097.002,37227,275822.368,7409.202,2.075
12,181,535.825,97.512,36.469,5000,5000,5000.0,10000,24400000,123286.915,12604,31205.495,2475.84,0.216
13,181,914.397,99.066,96.605,5000,5000,5000.0,5000,9010000,44166.716,33387,225790.794,6762.835,1.698
14,181,1283.374,100.796,256.131,5000,5000,5000.0,5000,50000,13545.267,88519,977996.948,11048.44,7.923
15,181,1643.661,102.711,388.359,0,10000,7166.955,5000,30000,10364.82,93636,2504674.091,26749.05,21.741
16,181,1996.023,104.821,415.063,5000,10000,5017.805,5000,40000,6466.95,142937,4544204.227,31791.658,42.075
15,182,1614.276,102.546,373.483,5000,10000,5008.42,5000,40000,7731.068,128859,2243343.315,17409.287,19.473
13,183,861.218,98.835,86.287,5000,10000,5016.991,20000,11030000,50202.564,29720,182524.196,6141.46,1.373
14,183,1227.502,100.52,232.928,5000,95000,59173.772,5000,320000,182183.502,6802,826141.286,121455.643,6.693
16,183,1934.95,104.438,413.379,5000,115000,92122.775,100000,135000,119602.734,7754,4249213.388,548002.758,39.344
13,184,834.991,98.722,86.093,5000,35000,21243.752,150000,10945000,213139.103,7003,182587.463,26072.749,1.373
15,184,1556.307,102.225,358.098,5000,120000,25686.799,5000,165000,42457.968,24090,1994705.596,82802.224,17.315
12,185,435.905,97.136,23.313,5000,5000,5000.0,30000,29405000,195151.439,8057,12161.356,1509.414,0.084
13,185,809.0,98.612,77.077,5000,10000,5947.575,35000,13440000,67288.438,22394,144986.954,6474.366,1.09
14,185,1172.639,100.254,182.815,5000,5000,5000.0,5000,620000,20982.589,63181,581570.334,9204.829,4.711
16,185,1874.979,104.068,408.917,5000,10000,5138.682,5000,20000,6799.472,137508,3658219.851,26603.687,33.872
13,186,783.242,98.503,77.013,5000,5000,5000.0,15000,13135000,56615.818,26616,144931.783,5445.287,1.09
12,187,387.284,96.958,17.592,5000,5000,5000.0,20000,31075000,259870.044,6080,6496.587,1068.517,0.045
13,187,757.714,98.397,68.68,5000,5000,5000.0,20000,15760000,64053.086,23736,112605.327,4744.073,0.847
14,187,1118.756,99.997,158.263,5000,30000,5367.72,5000,210000,26851.201,50949,484944.088,9518.225,3.928
15,187,1471.294,101.766,314.537,5000,15000,7781.245,10000,35000,15720.482,69850,1544354.293,22109.581,13.405
16,187,1816.078,103.713,406.744,15000,25000,20177.269,20000,35000,26949.157,34834,3361904.494,96512.157,31.128
13,188,732.412,98.292,68.538,5000,5000,5000.0,5000,15620000,64202.482,23687,112584.445,4753.005,0.846
15,188,1443.46,101.619,314.537,5000,1350000,905866.666,5000,4395000,1830250.417,600,1544445.057,2574075.096,13.406
13,189,707.334,98.189,60.011,5000,5000,5000.0,10000,19075000,73973.672,20740,85664.859,4130.417,0.644
16,189,1758.219,103.37,402.902,0,10000,6012.946,5000,10000,8164.96,115786,3069304.015,26508.42,28.419
13,190,682.476,98.089,59.968,5000,5000,5000.0,20000,17790000,74021.665,20725,85442.23,4122.664,0.642
13,191,657.835,97.989,51.863,5000,20000,12155.16,110000,19500000,209915.897,7373,63535.356,8617.3,0.477
14,191,1013.818,99.511,121.154,5000,30000,19082.581,50000,3900000,130549.68,10971,334577.742,30496.558,2.71
15,191,1361.417,101.192,275.645,0,10000,5982.128,10000,35000,14635.088,79623,1150420.348,14448.342,9.986
16,191,1701.371,103.04,397.792,5000,15000,11102.075,10000,20000,15411.78,61915,2782319.675,44937.731,25.762
13,192,633.408,97.892,51.808,5000,10000,5697.874,40000,19860000,97563.49,15712,63514.533,4042.421,0.477
17,192,2005.099,104.879,415.176,0,10000,5085.235,5000,20000,6550.726,141080,4545245.157,32217.501,44.715
13,193,609.192,97.796,44.131,5000,5000,5000.0,15000,22290000,101159.268,15252,45499.544,2983.185,0.342
14,193,962.712,99.28,107.789,5000,5000,5000.0,10000,7235000,39068.078,37252,275894.305,7406.16,2.235
15,193,1307.906,100.919,256.232,5000,15000,6332.16,5000,60000,17144.716,69924,978676.665,13996.291,8.495
16,193,1645.506,102.722,388.307,0,10000,7564.939,5000,30000,10942.816,88698,2505356.263,28245.916,23.197
17,193,1976.141,104.695,414.618,5000,10000,6534.48,5000,10000,8437.733,109643,4540856.009,41414.919,44.672
13,194,585.185,97.702,44.129,5000,5000,5000.0,20000,22805000,101200.0,15251,45439.395,2979.437,0.341
15,194,1281.495,100.787,255.946,5000,5000,5000.0,5000,50000,13558.459,88455,977892.453,11055.253,8.488
17,194,1947.432,104.515,413.446,15000,25000,18430.849,20000,30000,23918.915,38763,4251152.913,109670.379,41.822
14,195,912.481,99.058,96.611,5000,5000,5000.0,5000,8910000,44167.215,33389,225820.872,6763.331,1.829
16,195,1590.599,102.415,373.148,5000,10000,7245.269,5000,15000,11200.573,88996,2241767.509,25189.531,20.757
17,195,1918.969,104.339,410.578,15000,30000,22090.481,25000,35000,29022.916,32117,3956047.183,123176.111,38.919
13,196,537.783,97.519,36.863,5000,5000,5000.0,10000,125340000,111381.191,12740,30643.115,2405.268,0.23
15,196,1229.348,100.529,232.948,5000,60000,36056.52,5000,195000,110996.147,11164,825962.351,73984.445,7.169
17,196,1890.748,104.165,410.26,0,10000,6883.016,5000,15000,9055.303,102997,3952870.378,38378.5,38.888
13,197,514.383,97.43,29.782,5000,5000,5000.0,20000,26965000,151854.352,10293,20373.145,1979.32,0.153
14,197,863.101,98.843,86.206,5000,5000,5000.0,20000,11920000,50094.32,29793,182482.181,6125.001,1.478
15,197,1203.606,100.403,207.068,5000,15000,7931.351,10000,45000,28457.096,45114,694188.512,15387.429,6.025
16,197,1536.621,102.118,357.905,0,15000,10035.536,5000,20000,16602.164,61627,1993568.32,32348.943,18.458
17,197,1862.765,103.994,408.851,0,10000,5028.899,5000,30000,6656.179,140487,3657797.395,26036.554,35.985
13,198,491.18,97.342,29.762,5000,15000,7736.161,85000,26220000,235220.4,6648,20355.846,3061.95,0.153
17,198,1835.019,103.827,408.347,5000,15000,8444.126,5000,15000,11200.77,83564,3654007.634,43727.055,35.947
13,199,468.172,97.256,23.501,5000,10000,5012.961,50000,29085000,194062.345,8101,12287.723,1516.815,0.092
14,199,814.55,98.635,77.037,5000,10000,7522.178,45000,13460000,85149.751,17697,144964.48,8191.472,1.174
15,199,1152.77,100.158,182.734,5000,10000,5015.566,10000,125000,21059.708,62957,581402.014,9234.906,5.046
16,199,1483.55,101.831,339.988,5000,10000,5770.949,5000,25000,10354.364,101803,1761241.134,17300.483,16.307
17,199,1807.505,103.662,406.591,5000,65000,48760.496,5000,85000,65167.268,14409,3361089.409,233263.197,33.066
13,200,445.356,97.171,23.437,5000,5000,5000.0,15000,29425000,194056.673,8100,12264.507,1514.136,0.092
17,200,1780.221,103.5,406.273,5000,15000,12063.372,10000,20000,16144.771,58196,3358615.651,57712.139,33.041
13,201,422.729,97.088,17.491,5000,5000,5000.0,35000,31065000,261412.144,6045,6491.176,1073.809,0.048
14,201,766.805,98.435,68.59,5000,5000,5000.0,10000,15875000,64129.471,23705,112625.607,4751.132,0.912
16,201,1431.36,101.555,314.279,5000,25000,17565.01,20000,80000,35530.452,30918,1543334.506,49917.022,14.29
17,201,1753.163,103.341,402.783,0,10000,5432.23,5000,20000,7380.136,128126,3068760.762,23951.116,30.19
13,202,400.289,97.006,17.543,5000,5000,5000.0,5000,31560000,260629.33,6063,6491.183,1070.622,0.048
15,202,1078.091,99.806,158.217,0,5000,4999.908,5000,185000,25021.945,54681,484698.624,8864.114,4.207
17,202,1726.328,103.184,402.607,5000,10000,5469.12,5000,20000,7435.949,127206,3066446.125,24106.143,30.167
13,203,378.033,96.925,17.543,5000,5000,5000.0,10000,31185000,260649.125,6063,6489.228,1070.299,0.048
15,203,1053.608,99.693,136.666,5000,10000,5327.077,20000,930000,31702.871,44332,403430.58,9100.211,3.502
16,203,1380.028,101.287,294.502,5000,10000,5016.907,5000,30000,11166.597,101437,1338690.769,13197.263,12.395
17,203,1699.714,103.031,397.798,5000,15000,11957.815,10000,20000,16599.314,57485,2782264.151,48399.828,27.371
18,203,2013.188,104.93,415.28,0,10000,5614.052,5000,20000,7228.685,127823,4546181.374,35566.223,47.356
13,204,355.96,96.846,11.443,5000,5000,5000.0,20000,34040000,401554.122,3955,2695.957,681.657,0.02
13,205,334.065,96.768,11.177,5000,10000,5039.133,70000,34765000,414359.342,3833,2662.869,694.721,0.02
14,205,673.651,98.053,51.944,5000,10000,5024.911,30000,19385000,85768.95,17863,63560.922,3558.244,0.514
16,205,1329.533,101.029,275.295,5000,85000,10875.111,5000,155000,26651.044,43743,1148825.41,26263.068,10.637
17,205,1647.136,102.731,388.373,5000,15000,7963.334,5000,15000,11515.829,84275,2505547.525,29730.614,24.649
18,205,1958.568,104.585,413.781,5000,15000,10779.987,10000,20000,13969.876,66328,4251995.856,64105.594,44.291
13,206,312.349,96.691,3.894,5000,5000,5000.0,60000,39135000,1186973.977,1346,540.062,401.235,0.004
15,206,981.348,99.364,121.041,5000,5000,5000.0,5000,3560000,34240.156,41832,334406.846,7994.043,2.902
17,206,1621.166,102.585,373.472,5000,10000,5025.776,5000,40000,7758.334,128410,2243597.634,17472.141,22.072
14,207,628.201,97.871,51.877,5000,10000,5013.702,30000,19400000,86551.261,17880,63447.56,3548.521,0.514
16,207,1279.852,100.779,255.986,5000,5000,5000.0,5000,70000,13555.353,88469,978927.122,11065.199,9.064
17,207,1595.406,102.441,373.159,0,10000,6336.861,5000,30000,9795.785,101757,2242015.563,22033.035,22.056
15,208,934.142,99.153,107.745,5000,5000,5000.0,5000,6785000,39083.279,37237,275779.091,7406.05,2.393
17,208,1569.852,102.3,358.168,5000,30000,17201.161,5000,40000,28423.707,35981,1994997.262,55445.853,19.626
14,209,583.478,97.696,44.239,5000,5000,5000.0,20000,21550000,100927.851,15289,45523.799,2977.552,0.368
15,209,910.821,99.05,96.539,5000,5000,5000.0,5000,9160000,44202.259,33364,225822.017,6768.433,1.96
16,209,1230.964,100.537,232.986,5000,45000,26978.489,5000,145000,83016.351,14923,826161.094,55361.595,7.649
17,209,1544.502,102.161,357.954,5000,25000,14883.18,5000,30000,24616.569,41560,1993873.021,47975.77,19.615
18,209,1851.947,103.929,408.544,5000,10000,5577.796,5000,20000,7392.467,126567,3656096.723,28886.65,38.084
17,210,1519.353,102.024,340.425,5000,10000,5675.89,5000,290000,10163.498,103641,1762909.686,17009.771,17.343
14,211,539.462,97.526,36.446,5000,5000,5000.0,10000,24260000,123407.701,12596,31201.426,2477.09,0.252
15,211,864.733,98.85,86.218,5000,5000,5000.0,20000,11390000,50072.996,29797,182492.264,6124.518,1.584
16,211,1182.85,100.303,206.776,0,10000,5147.298,5000,775000,18501.282,69417,693975.214,9997.193,6.425
17,211,1494.403,101.89,340.057,0,10000,5054.969,5000,40000,9066.884,116246,1761331.889,15151.763,17.327
18,211,1799.903,103.617,406.475,5000,110000,60389.476,5000,145000,80757.523,11631,3360278.326,288907.086,35.002
15,212,841.962,98.752,86.197,5000,15000,9627.068,60000,11065000,96456.273,15472,182382.532,11787.909,1.583
17,212,1469.65,101.757,314.354,5000,15000,8220.787,10000,35000,16623.206,66077,1544570.04,23375.305,15.195
14,213,496.136,97.361,29.782,5000,10000,5538.635,55000,26610000,168313.959,9292,20371.38,2192.356,0.165
16,213,1135.491,100.076,182.65,5000,15000,5729.482,5000,880000,24070.362,55087,581186.472,10550.338,5.381
17,213,1445.09,101.627,314.267,5000,160000,110019.246,5000,495000,222580.547,4936,1543203.232,312642.47,15.181
15,214,796.951,98.561,77.071,5000,5000,5000.0,20000,13075000,56563.731,26636,144989.697,5443.373,1.258
17,214,1420.722,101.499,294.939,5000,15000,9344.266,10000,45000,20753.928,54542,1339694.895,24562.628,13.179
19,214,2020.442,104.977,415.321,5000,10000,6495.207,5000,10000,8361.917,110493,4546835.116,41150.435,49.994
14,215,453.483,97.201,23.394,5000,5000,5000.0,20000,29280000,194421.697,8085,12279.425,1518.79,0.099
16,215,1088.866,99.857,158.194,5000,10000,5000.091,10000,170000,25025.699,54671,484800.069,8867.591,4.488
17,215,1396.543,101.373,294.62,0,10000,5151.946,5000,40000,11460.477,98818,1339419.205,13554.405,13.177
18,215,1698.242,103.022,397.815,5000,20000,12837.547,15000,20000,17819.392,53548,2782219.213,51957.481,28.981
19,215,1994.402,104.811,415.046,0,10000,5034.819,5000,30000,6489.431,142448,4543432.891,31895.378,49.956
17,216,1372.551,101.249,275.581,0,10000,5189.396,5000,60000,12699.697,91765,1149940.039,12531.357,11.313
19,216,1968.562,104.648,413.796,5000,10000,7858.359,5000,15000,10183.097,90991,4253490.853,46746.28,46.768
15,217,730.734,98.285,68.582,5000,5000,5000.0,5000,15415000,64136.323,23702,112579.626,4749.794,0.977
16,217,1042.959,99.644,136.637,5000,10000,6932.178,15000,555000,41264.57,34060,403286.875,11840.483,3.734
17,217,1348.743,101.127,275.532,5000,15000,8123.944,5000,30000,19886.359,58607,1149272.828,19609.821,11.306
18,217,1648.585,102.739,388.532,5000,15000,8357.108,10000,15000,12076.902,80337,2505643.91,31189.164,26.1
19,217,1942.922,104.487,413.434,10000,35000,25910.887,25000,40000,33628.45,27572,4250016.958,154142.498,46.73
15,218,708.999,98.196,59.898,5000,5000,5000.0,10000,17520000,74114.734,20701,85668.886,4138.393,0.743
17,218,1325.117,101.006,275.405,5000,35000,10030.35,5000,60000,24568.869,47446,1148909.977,24215.107,11.302
19,218,1917.478,104.329,410.555,15000,25000,19790.225,20000,30000,26003.849,35848,3955749.629,110347.847,43.494
14,219,370.129,96.896,11.151,5000,5000,5000.0,30000,34110000,412152.867,3854,2669.91,692.763,0.021
16,219,997.752,99.438,121.07,5000,10000,6539.242,30000,3260000,44771.817,31993,334498.436,10455.363,3.097
17,219,1301.671,100.888,256.076,5000,10000,5632.924,10000,50000,15264.146,78556,978156.418,12451.708,9.623
19,219,1892.227,104.174,410.338,0,10000,7143.008,5000,15000,9394.304,99267,3953116.606,39823.069,43.465
17,220,1278.403,100.772,255.923,5000,5000,5000.0,5000,220000,13559.742,88447,977803.897,11055.252,9.619
19,220,1867.168,104.021,408.955,5000,15000,5009.534,5000,120000,6627.618,141066,3656453.37,25920.16,40.204
14,221,329.397,96.751,11.235,5000,15000,7177.449,140000,33900000,587315.088,2705,2671.767,987.714,0.021
15,221,644.781,97.937,51.834,5000,20000,13022.681,115000,19405000,225022.538,6878,63532.299,9237.03,0.551
16,221,953.228,99.238,107.728,5000,5000,5000.0,10000,6655000,39090.786,37231,275826.505,7408.517,2.553
18,221,1551.523,102.199,358.017,5000,40000,20923.126,5000,60000,34596.171,29568,1994194.836,67444.359,20.772
19,221,1842.298,103.87,408.616,5000,10000,6907.822,5000,15000,9152.228,102216,3654609.559,35753.791,40.183
17,222,1232.391,100.544,232.934,5000,35000,22119.58,40000,120000,68086.392,18197,826073.81,45396.153,8.126
19,222,1817.615,103.722,406.75,5000,25000,18116.011,20000,30000,24195.427,38798,3361833.639,86649.663,36.964
15,223,602.77,97.771,44.16,5000,5000,5000.0,15000,21705000,101093.637,15262,45507.813,2981.772,0.395
16,223,909.37,99.044,96.793,5000,5000,5000.0,5000,9950000,44073.271,33452,225823.69,6750.678,2.09
17,223,1209.643,100.433,207.146,0,20000,10774.162,20000,65000,38637.95,33223,694251.063,20896.699,6.83
18,223,1504.083,101.942,340.124,5000,10000,5005.024,5000,50000,8974.435,117429,1761802.605,15003.13,18.352
19,223,1793.116,103.576,406.603,5000,35000,28520.803,5000,45000,38115.815,24635,3359288.976,136362.45,36.936
15,224,581.999,97.69,44.152,5000,5000,5000.0,20000,21740000,101116.463,15259,45513.616,2982.739,0.395
17,224,1187.065,100.323,206.912,5000,10000,5381.391,5000,50000,19326.083,66441,694113.328,10447.063,6.828
19,224,1768.8,103.433,402.962,5000,10000,7909.132,5000,15000,10737.002,88040,3070063.787,34871.237,33.756
16,225,866.163,98.856,86.223,5000,5000,5000.0,20000,10840000,50081.884,29799,182494.952,6124.197,1.689
17,225,1164.654,100.215,182.769,5000,5000,5000.0,5000,220000,20988.616,63165,581534.774,9206.598,5.721
19,225,1744.664,103.291,402.688,0,10000,5037.573,5000,30000,6846.81,138131,3068096.124,22211.495,33.734
15,226,540.918,97.531,36.443,5000,5000,5000.0,10000,23885000,123421.867,12595,31190.035,2476.382,0.27
17,226,1142.409,100.109,182.569,5000,10000,5260.63,5000,135000,22113.091,59970,581251.237,9692.366,5.718
19,226,1720.707,103.152,397.986,0,10000,6069.742,5000,20000,8418.871,113303,2783743.903,24569.022,30.608
15,227,520.604,97.453,29.794,5000,5000,5000.0,15000,26420000,151849.747,10297,20371.374,1978.379,0.176
16,227,823.591,98.674,77.129,5000,25000,16139.501,120000,14090000,182457.914,8258,145042.733,17563.905,1.342
17,227,1120.327,100.004,158.31,5000,80000,5370.344,5000,700000,26856.865,50939,485012.657,9521.44,4.771
18,227,1411.297,101.45,294.725,5000,10000,6757.041,5000,30000,15023.285,75371,1339780.419,17775.807,13.956
19,227,1696.925,103.015,397.936,10000,20000,13746.101,15000,25000,19070.227,50024,2781903.422,55611.374,30.588
20,227,1977.583,104.705,414.742,0,10000,6331.778,5000,10000,8171.637,113187,4540791.037,40117.602,52.555
17,228,1098.406,99.901,158.284,5000,10000,5066.312,5000,85000,25340.551,53987,484891.602,8981.636,4.77
15,229,480.419,97.302,29.771,5000,35000,23609.453,300000,26055000,717993.572,2179,20361.746,9344.537,0.176
16,229,781.64,98.497,76.964,5000,5000,5000.0,15000,13245000,56654.071,26599,144911.683,5448.012,1.341
17,229,1076.645,99.8,158.203,5000,5000,5000.0,5000,120000,25024.783,54675,484532.63,8862.05,4.766
18,229,1365.919,101.215,275.824,5000,10000,5554.94,5000,80000,13577.464,85802,1149525.51,13397.42,11.974
19,229,1649.882,102.747,388.388,0,15000,8737.144,10000,15000,12633.994,76814,2505505.497,32617.823,27.548
20,229,1928.903,104.4,413.197,85000,120000,97688.466,110000,145000,126915.024,7309,4248175.48,581225.267,49.168
17,230,1055.042,99.699,136.712,0,10000,5225.277,20000,330000,31084.826,45211,403338.231,8921.241,3.968
19,230,1626.616,102.615,388.145,5000,10000,5152.172,5000,20000,7457.866,130181,2504180.099,19236.141,27.534
16,231,740.295,98.325,68.53,5000,5000,5000.0,5000,15730000,64185.491,23684,112537.035,4751.605,1.042
17,231,1033.595,99.601,136.539,5000,20000,11087.406,25000,500000,66057.145,21280,403305.572,18952.329,3.967
19,231,1603.518,102.486,373.304,5000,10000,5401.058,5000,20000,8343.799,119434,2242353.288,18774.832,24.655
20,231,1880.927,104.105,410.127,0,10000,5550.29,5000,20000,7306.165,127687,3951397.365,30945.964,45.733
15,232,421.227,97.082,17.537,5000,5000,5000.0,35000,31085000,260677.392,6061,6496.889,1071.917,0.056
17,232,1012.302,99.504,121.085,5000,25000,15790.129,65000,3430000,108092.452,13251,334594.59,25250.516,3.291
19,232,1580.586,102.359,373.133,0,15000,10526.766,10000,20000,16274.612,61251,2241188.065,36590.228,24.642
15,233,401.779,97.011,17.566,5000,5000,5000.0,5000,31455000,260206.754,6071,6492.651,1069.453,0.056
16,233,699.542,98.158,59.881,5000,5000,5000.0,15000,17585000,74149.27,20695,85677.73,4140.02,0.793
17,233,991.162,99.408,121.056,5000,10000,5495.323,15000,3425000,37629.843,38066,334486.886,8787.024,3.29
18,233,1277.115,100.765,256.041,0,10000,5000.226,5000,160000,13552.32,88484,977809.434,11050.692,10.185
19,233,1557.819,102.234,357.96,0,325000,26311.412,5000,470000,43518.802,23509,1993638.816,84803.216,21.92
20,233,1833.638,103.818,408.478,5000,15000,8820.919,10000,15000,11693.972,80020,3653564.719,45658.144,42.286
17,234,970.172,99.313,107.777,5000,5000,5000.0,15000,6980000,39072.274,37248,276076.51,7411.847,2.716
19,234,1535.213,102.11,357.893,5000,15000,9429.307,10000,20000,15599.899,65587,1992938.311,30386.178,21.913
16,235,659.369,97.996,51.843,5000,15000,10226.598,90000,19665000,174917.798,8760,63537.4,7253.127,0.588
17,235,949.331,99.22,107.815,5000,5000,5000.0,10000,7815000,39056.494,37261,275836.855,7402.83,2.713
18,235,1233.66,100.55,232.954,5000,30000,19075.249,30000,105000,58715.287,21103,825927.697,39137.928,8.603
19,235,1512.768,101.989,340.286,5000,10000,5218.821,5000,45000,9350.897,112672,1762319.644,15641.149,19.377
15,236,344.26,96.804,11.192,5000,5000,5000.0,35000,34180000,410649.081,3868,2670.26,690.346,0.023
17,236,928.638,99.129,107.798,5000,5000,5000.0,5000,6900000,39061.979,37255,275659.534,7399.262,2.711
19,236,1490.482,101.869,340.141,0,10000,5196.309,5000,30000,9316.821,113112,1761175.23,15570.189,19.364
16,237,619.761,97.838,44.12,5000,5000,5000.0,20000,22190000,101187.118,15248,45505.703,2984.371,0.421
17,237,908.09,99.038,96.588,5000,5000,5000.0,5000,8925000,44177.651,33381,225796.688,6764.227,2.221
19,237,1468.353,101.75,314.56,5000,15000,8621.778,10000,40000,17416.645,63045,1544356.404,24496.096,16.98
20,237,1741.06,103.27,402.589,5000,10000,5006.945,5000,70000,6808.105,138942,3067604.139,22078.307,35.504
15,238,306.587,96.671,3.909,5000,5000,5000.0,80000,39150000,1182448.148,1351,541.497,400.812,0.004
19,238,1446.378,101.634,314.163,5000,95000,65438.162,5000,295000,132429.174,8296,1541991.772,185871.718,16.954
16,239,580.706,97.685,44.186,5000,5000,5000.0,20000,21810000,101058.611,15271,45500.604,2979.543,0.421
17,239,867.424,98.861,86.177,5000,5000,5000.0,20000,11345000,50097.71,29783,182477.49,6126.9,1.795
18,239,1148.572,100.138,182.711,0,10000,5047.319,10000,90000,21195.805,62553,581253.773,9292.18,6.054
19,239,1424.557,101.519,294.95,5000,20000,11178.799,15000,50000,24826.614,45593,1339532.827,29380.23,14.728
20,239,1695.741,103.008,397.728,0,20000,14668.438,15000,25000,20368.492,46854,2781943.954,59374.737,32.198
17,240,847.304,98.775,86.14,5000,10000,7118.263,40000,11240000,71365.136,20911,182424.078,8723.833,1.794
19,240,1402.888,101.406,294.615,5000,10000,5621.818,5000,35000,12505.907,90557,1339250.761,14789.036,14.725
16,241,542.193,97.536,36.432,5000,5000,5000.0,10000,24795000,123403.891,12591,31211.817,2478.899,0.288
17,241,827.322,98.689,86.116,5000,65000,39746.26,5000,10975000,398613.411,3744,182356.417,48706.308,1.794
18,241,1106.912,99.941,158.318,5000,15000,5281.88,5000,215000,26412.132,51795,484933.215,9362.548,5.051
19,241,1381.368,101.294,294.861,5000,10000,5004.665,5000,30000,11119.509,101809,1338786.357,13149.98,14.72
20,241,1651.049,102.753,388.475,5000,15000,9115.394,10000,20000,13176.04,73643,2505926.881,34028.039,29.003
17,242,807.478,98.605,77.016,5000,10000,5665.361,30000,13140000,64151.34,23491,145056.575,6174.985,1.427
19,242,1359.997,101.184,275.616,0,10000,6158.546,10000,35000,15068.599,77334,1149813.45,14868.149,12.642
16,243,504.208,97.391,30.112,5000,5000,5000.0,30000,29040000,150165.769,10407,20356.122,1956.002,0.188
17,243,787.771,98.522,77.034,5000,5000,5000.0,15000,13145000,56593.043,26623,144900.502,5442.681,1.425
19,243,1338.773,101.076,275.442,5000,35000,10051.634,5000,60000,24615.847,47352,1149390.861,24273.332,12.637
20,243,1606.972,102.506,373.258,0,10000,5187.517,5000,30000,8015.506,124335,2242701.322,18037.57,25.957
17,244,768.198,98.44,68.547,5000,5000,5000.0,10000,15335000,64167.546,23690,112661.913,4755.673,1.108
19,244,1317.693,100.969,256.177,5000,20000,7816.693,5000,40000,21170.56,56632,978562.634,17279.323,10.759
16,245,466.741,97.25,23.423,5000,5000,5000.0,45000,29220000,194221.645,8095,12275.735,1516.459,0.113
17,245,748.758,98.36,68.642,5000,5000,5000.0,5000,15165000,64074.066,23723,112611.076,4746.915,1.107
18,245,1025.296,99.563,136.611,5000,50000,30152.637,75000,550000,179545.861,7829,403298.329,51513.389,4.201
19,245,1296.758,100.863,256.07,5000,10000,5309.264,5000,215000,14385.903,83343,978013.668,11734.802,10.753
17,246,729.45,98.28,68.561,5000,5000,5000.0,5000,14980000,64180.594,23695,112594.074,4751.807,1.107
19,246,1275.964,100.759,255.931,5000,10000,5004.356,5000,80000,13571.493,88373,977717.847,11063.535,10.75
16,247,429.78,97.114,23.37,5000,5000,5000.0,10000,28950000,194679.296,8077,12270.208,1519.154,0.113
17,247,710.273,98.201,59.849,5000,5000,5000.0,10000,17990000,74182.662,20684,85600.592,4138.493,0.842
18,247,985.316,99.382,121.03,5000,10000,5061.471,20000,3520000,34666.618,41320,334369.016,8092.183,3.483
20,247,1520.606,102.031,340.451,5000,10000,5796.858,5000,120000,10378.676,101486,1762365.817,17365.605,20.397
17,248,691.225,98.124,59.93,5000,5000,5000.0,15000,17240000,74085.51,20712,85655.152,4135.532,0.842
19,248,1234.795,100.556,232.844,5000,30000,16984.17,30000,90000,52309.088,23690,826097.743,34871.158,9.083
16,249,393.314,96.98,17.514,5000,5000,5000.0,40000,31520000,261017.845,6053,6484.365,1071.264,0.06
17,249,672.304,98.048,51.857,5000,10000,5135.832,35000,19545000,87810.225,17448,63548.981,3642.192,0.625
19,249,1214.418,100.456,207.083,5000,25000,15568.414,30000,95000,55849.504,22985,694317.552,30207.42,7.634
20,249,1478.292,101.803,339.748,5000,10000,6439.1,5000,30000,11565.852,91175,1762104.16,19326.615,20.394
17,250,653.509,97.972,51.889,5000,50000,31639.026,300000,19560000,540977.762,2834,63507.933,22409.291,0.624
19,250,1194.177,100.358,207.086,5000,10000,6073.92,10000,115000,21789.472,58915,694192.27,11782.946,7.632
16,251,357.334,96.851,11.168,5000,5000,5000.0,20000,34085000,411523.71,3860,2664.811,690.365,0.024
17,251,634.839,97.898,51.733,5000,10000,6054.93,45000,20820000,104797.805,14764,63613.021,4308.657,0.625
18,251,906.952,99.033,96.565,5000,5000,5000.0,5000,8970000,44188.99,33373,225814.34,6766.378,2.352
19,251,1174.07,100.26,182.812,5000,5000,5000.0,5000,120000,20983.0,63180,581498.363,9203.836,6.393
20,251,1436.54,101.582,314.071,5000,45000,30832.575,5000,135000,62426.85,17602,1543336.59,87679.615,17.862
17,252,616.293,97.824,43.94,5000,5000,5000.0,20000,21995000,101618.044,15186,45397.252,2989.414,0.446
19,252,1154.096,100.165,182.615,5000,10000,5010.479,5000,260000,21051.302,62980,581531.949,9233.597,6.394
16,253,321.828,96.724,3.926,5000,15000,7982.352,290000,39265000,1880530.035,850,541.205,636.712,0.005
17,253,597.869,97.752,44.1,5000,5000,5000.0,10000,22125000,101264.107,15241,45504.176,2985.642,0.447
18,253,868.546,98.866,86.209,5000,5000,5000.0,15000,11595000,50083.744,29794,182476.345,6124.6,1.9
19,253,1134.254,100.07,182.705,5000,15000,5826.827,5000,75000,24470.672,54183,581107.041,10724.896,6.389
20,253,1395.339,101.367,294.551,5000,10000,5099.998,5000,40000,11348.597,99801,1339263.577,13419.34,15.5
17,254,579.566,97.68,44.068,5000,5000,5000.0,20000,21685000,101307.045,15230,45530.372,2989.518,0.447
19,254,1114.543,99.977,158.179,5000,20000,5368.562,5000,80000,26872.802,50914,485106.277,9527.954,5.333
19,255,1094.96,99.885,158.344,5000,10000,5023.315,10000,130000,25114.56,54470,484873.943,8901.669,5.331
17,256,543.318,97.54,36.495,5000,5000,5000.0,10000,24625000,123180.7,12613,31205.11,2474.043,0.306
19,256,1075.504,99.794,158.185,0,5000,4999.908,5000,140000,25027.986,54670,484789.98,8867.568,5.33
17,257,525.37,97.472,36.423,5000,5000,5000.0,15000,23885000,123469.849,12588,31175.984,2476.643,0.306
18,257,793.232,98.545,76.915,5000,5000,5000.0,20000,17985000,56584.966,26582,144699.165,5443.501,1.507
19,257,1056.175,99.705,136.744,5000,10000,5154.102,10000,990000,30653.07,45846,403717.233,8805.942,4.439
20,257,1314.544,100.953,256.195,0,15000,7329.31,5000,55000,19848.678,60402,978494.508,16199.703,11.325
17,258,507.538,97.404,29.751,5000,5000,5000.0,25000,26465000,152110.689,10282,20359.635,1980.124,0.2
19,258,1036.971,99.616,136.571,5000,15000,8980.364,20000,360000,53489.23,26279,403327.517,15347.902,4.434
17,259,489.822,97.337,29.777,5000,15000,8909.956,100000,26400000,270777.623,5775,20373.675,3527.909,0.2
18,259,756.302,98.391,68.619,5000,5000,5000.0,20000,15380000,64108.754,23715,112649.012,4750.116,1.173
19,259,1017.891,99.529,121.09,5000,70000,45497.934,5000,3605000,311516.963,4599,334595.049,72753.87,3.678
20,259,1274.928,100.754,233.281,5000,10000,5006.271,5000,70000,15380.837,80521,826997.736,10270.584,9.571
17,260,472.218,97.271,23.434,5000,10000,5927.254,65000,29310000,230102.474,6832,12283.917,1797.997,0.12
19,260,998.933,99.443,121.087,5000,10000,6809.424,35000,7585000,46615.354,30728,334523.897,10886.614,3.678
17,261,454.728,97.206,23.356,5000,5000,5000.0,25000,29140000,194724.941,8072,12281.462,1521.489,0.12
19,261,980.096,99.358,121.009,5000,5000,5000.0,15000,3835000,34252.391,41821,334396.34,7995.895,3.676
20,261,1235.818,100.561,232.962,5000,25000,15468.203,25000,85000,47610.09,26025,826145.679,31744.31,9.561
17,262,437.348,97.141,23.414,5000,5000,5000.0,30000,29190000,194272.03,8092,12274.363,1516.851,0.12
19,262,961.379,99.274,107.798,5000,5000,5000.0,10000,7120000,39062.382,37255,275892.131,7405.506,3.033
17,263,420.079,97.078,17.537,5000,5000,5000.0,20000,31795000,260600.66,6061,6485.097,1069.971,0.063
18,263,683.851,98.094,59.927,5000,5000,5000.0,20000,17500000,74071.945,20711,85591.987,4132.682,0.891
19,263,942.781,99.191,107.98,5000,5000,5000.0,20000,6850000,38987.86,37318,275822.839,7391.147,3.032
20,263,1197.205,100.372,206.987,5000,10000,6504.482,10000,70000,23349.094,54989,694078.749,12622.138,8.033
17,264,402.919,97.015,17.476,5000,5000,5000.0,5000,31790000,261469.614,6040,6480.618,1072.95,0.063
19,264,924.3,99.11,96.588,5000,5000,5000.0,5000,9450000,44150.239,33381,225899.145,6767.297,2.483
17,265,385.867,96.953,17.5,5000,5000,5000.0,20000,31365000,261317.182,6048,6486.022,1072.424,0.063
18,265,648.31,97.951,51.895,5000,45000,28531.657,270000,19450000,492444.302,3143,63510.053,20206.825,0.661
19,265,905.935,99.029,96.588,5000,5000,5000.0,20000,8830000,44177.801,33381,225799.579,6764.314,2.482
17,266,368.922,96.892,11.177,5000,5000,5000.0,30000,34225000,411128.948,3863,2689.855,696.312,0.026
17,267,352.083,96.832,11.189,5000,5000,5000.0,50000,34085000,410805.742,3867,2668.056,689.955,0.026
19,267,869.55,98.871,86.235,5000,5000,5000.0,15000,10810000,50065.431,29803,182465.42,6122.384,2.006
20,267,1121.427,100.009,158.344,5000,110000,5370.046,5000,950000,26844.579,50953,485053.762,9519.631,5.614
17,268,335.348,96.772,11.148,5000,5000,5000.0,65000,34715000,412222.222,3853,2666.214,691.984,0.026
19,268,851.528,98.793,86.328,5000,10000,6044.367,35000,11450000,60458.689,24680,182345.49,7388.391,2.004
17,269,318.718,96.713,3.903,5000,5000,5000.0,130000,39135000,1184009.643,1349,539.281,399.763,0.005
18,269,578.553,97.676,44.108,5000,5000,5000.0,20000,21720000,101229.744,15244,45535.453,2987.106,0.474
19,269,833.617,98.716,86.125,5000,45000,28920.52,205000,10760000,289985.422,5146,182400.885,35445.177,2.005
20,269,1084.244,99.835,158.182,5000,5000,5000.0,5000,105000,25027.53,54668,484734.371,8866.875,5.61
17,270,302.19,96.655,3.932,5000,5000,5000.0,30000,39205000,1175688.512,1359,542.05,398.859,0.005
19,270,815.817,98.641,77.065,5000,15000,8061.626,50000,15975000,91166.303,16519,144993.338,8777.367,1.594
18,271,544.318,97.544,36.417,5000,5000,5000.0,35000,24255000,123520.858,12586,31185.217,2477.77,0.324
19,271,798.126,98.566,77.077,5000,5000,5000.0,20000,13330000,56568.494,26638,144985.007,5442.788,1.594
20,271,1047.518,99.665,136.672,5000,10000,6044.481,10000,660000,35969.9,39072,403704.395,10332.319,4.672
19,272,780.544,98.492,77.005,5000,5000,5000.0,15000,13375000,56616.939,26613,144942.097,5446.289,1.593
19,273,763.069,98.419,68.628,5000,5000,5000.0,10000,15565000,64117.089,23718,112675.645,4750.638,1.238
20,273,1011.242,99.499,121.42,5000,25000,14195.872,35000,3770000,96878.679,14780,334718.846,22646.741,3.874
19,274,745.701,98.347,68.599,5000,5000,5000.0,5000,15395000,64128.949,23708,112585.075,4748.822,1.237
18,275,477.097,97.289,29.742,5000,15000,10546.891,125000,26300000,320965.722,4873,20361.396,4178.411,0.212
19,275,728.438,98.276,68.521,5000,5000,5000.0,5000,15775000,64209.248,23681,112596.04,4754.699,1.238
19,276,711.279,98.206,60.005,5000,5000,5000.0,10000,18580000,73979.36,20738,85647.987,4130.002,0.941
18,277,444.094,97.166,23.553,5000,5000,5000.0,15000,28795000,193094.974,8140,12292.004,1510.074,0.128
19,277,694.224,98.136,59.985,5000,5000,5000.0,15000,17305000,73999.035,20731,85668.177,4132.37,0.941
20,277,940.001,99.179,107.763,5000,5000,5000.0,5000,6900000,39078.325,37243,275740.288,7403.815,3.191
19,278,677.27,98.068,59.901,5000,5000,5000.0,25000,17450000,74108.255,20702,85626.793,4136.16,0.941
19,279,660.419,98.0,51.869,5000,15000,9265.04,80000,19690000,158444.639,9674,63530.568,6567.145,0.698
20,279,905.02,99.025,96.571,5000,5000,5000.0,20000,9335000,44167.765,33375,225777.96,6764.882,2.613
19,280,643.667,97.933,51.892,5000,20000,11317.682,100000,19875000,193404.443,7923,63507.713,8015.614,0.698
18,281,379.265,96.929,17.468,5000,5000,5000.0,10000,32970000,261597.084,6037,6483.732,1073.999,0.067
19,281,627.015,97.867,51.82,5000,5000,5000.0,30000,19480000,85579.35,17909,63461.921,3543.577,0.697
20,281,870.455,98.875,86.261,5000,5000,5000.0,15000,11190000,50053.503,29812,182516.219,6122.24,2.112
19,282,610.462,97.801,44.143,5000,5000,5000.0,15000,21720000,101115.699,15256,45533.948,2984.658,0.5
18,283,347.424,96.815,11.189,5000,5000,5000.0,30000,34200000,410675.116,3867,2666.341,689.511,0.027
19,283,594.006,97.737,44.265,5000,5000,5000.0,10000,23200000,100798.849,15298,45534.528,2976.502,0.5
20,283,836.297,98.728,86.16,5000,30000,17073.967,120000,11025000,171109.072,8720,182451.558,20923.343,2.111
19,284,577.646,97.673,44.117,5000,5000,5000.0,30000,23360000,101154.073,15247,45499.76,2984.177,0.5
19,286,545.214,97.548,36.432,5000,5000,5000.0,20000,24215000,123442.811,12591,31212.408,2478.945,0.343
19,287,529.139,97.486,36.414,5000,5000,5000.0,30000,24070000,123526.7,12585,31123.698,2473.078,0.342
20,287,769.173,98.444,68.518,5000,5000,5000.0,10000,16095000,64108.915,23680,112660.412,4757.618,1.303
19,288,513.157,97.425,29.777,5000,5000,5000.0,20000,26155000,151952.38,10291,20365.241,1978.937,0.223
19,289,497.267,97.365,29.719,5000,10000,5283.436,50000,26740000,160862.743,9720,20351.469,2093.772,0.223
20,289,736.193,98.308,68.608,5000,5000,5000.0,5000,15815000,64116.195,23711,112630.024,4750.117,1.303
19,290,481.469,97.306,29.728,5000,65000,41161.858,5000,26380000,1254101.844,1248,20346.573,16303.344,0.223
19,291,465.762,97.247,23.423,5000,5000,5000.0,40000,29445000,194158.636,8095,12228.693,1510.647,0.134
20,291,703.591,98.174,59.994,5000,5000,5000.0,10000,18905000,73964.211,20734,85542.519,4125.712,0.99
19,292,450.144,97.189,23.414,5000,5000,5000.0,20000,29175000,194234.334,8092,12277.37,1517.223,0.134
19,293,434.614,97.131,23.46,5000,5000,5000.0,30000,28980000,193854.076,8108,12287.081,1515.426,0.135
20,293,671.361,98.044,51.938,5000,10000,5250.687,35000,19335000,90529.78,17093,63596.665,3720.626,0.736
19,294,419.174,97.075,17.45,5000,5000,5000.0,20000,31515000,262023.217,6031,6494.17,1076.798,0.071
19,295,403.82,97.018,17.502,5000,5000,5000.0,5000,31150000,261216.931,6049,6486.235,1072.282,0.071
19,296,388.553,96.963,17.537,5000,5000,5000.0,20000,31960000,260726.897,6061,6491.913,1071.096,0.071
19,297,373.371,96.908,11.203,5000,5000,5000.0,10000,34075000,410275.122,3872,2676.034,691.124,0.029
20,297,607.987,97.792,44.126,5000,5000,5000.0,15000,26695000,100763.984,15250,45507.537,2984.1,0.526
19,298,358.275,96.854,11.212,5000,5000,5000.0,40000,34150000,409890.294,3875,2670.465,689.152,0.029
19,299,343.262,96.8,11.206,5000,5000,5000.0,35000,34140000,410142.045,3873,2669.281,689.202,0.029
20,299,576.831,97.67,44.166,5000,5000,5000.0,30000,21740000,101110.528,15264,45475.831,2979.286,0.526
19,300,328.333,96.747,11.215,5000,15000,8749.435,180000,34055000,717134.146,2215,2674.582,1207.486,0.029
19,301,313.487,96.695,3.94,5000,5000,5000.0,65000,39005000,1172656.135,1362,543.995,399.409,0.005
20,301,546.02,97.551,36.467,5000,5000,5000.0,20000,24210000,123311.379,12603,31229.487,2477.94,0.361
20,303,515.548,97.434,29.728,5000,5000,5000.0,20000,27390000,152242.772,10274,20352.225,1980.944,0.235
20,307,455.6,97.209,23.394,5000,5000,5000.0,25000,29660000,194418.604,8085,12277.627,1518.568,0.142
20,309,426.111,97.1,23.394,5000,5000,5000.0,10000,29280000,194471.177,8085,12272.639,1517.951,0.142
20,311,396.939,96.993,17.517,5000,5000,5000.0,5000,31180000,260967.288,6054,6488.463,1071.764,0.075
20,313,368.078,96.889,11.183,5000,5000,5000.0,30000,34100000,410953.674,3865,2673.182,691.638,0.03
20,317,311.267,96.687,3.929,5000,5000,5000.0,55000,38945000,1176215.917,1358,540.585,398.075,0.006
