ND,NS,height,inc,percentage_of_access,min_duration,max_duration,avg_duration,min_waiting_time,max_waiting_time,avg_waiting_time,frequency
1,12,1673.31791268678,102.88007681658,0.19828960905349793,1000,4000,1272.845845234361,1000,46000,5146.198106276364,121138
1,13,1255.3105850485,100.657370248595,0.0911304012345679,1000,2000,1105.6450102976971,3000,31376000,11026.477976626984,64092
1,14,887.6863791997603,98.9497887978672,0.04054398148148148,1000,2000,1234.0300610615313,5000,36122000,28106.118135201785,25548
1,15,561.3830274949096,97.6104241678735,0.0007986111111111112,1000,1000,1000.0,1000,43894000,1185435.4838709678,621
2,23,1904.8287650562306,104.251812629473,0.6711651234567901,1000,49000,3138.160149602843,1000,6000,1537.539234904333,166307
2,25,1457.3466338512599,101.692460069261,0.19802597736625516,1000,4000,1293.4915914856442,1000,62000,5238.380444369776,119046
2,27,1065.8246922961898,99.7498183056496,0.06717592592592593,1000,7000,3279.919628280799,15000,34058000,45526.71899529042,15926
2,29,719.8460236675201,98.2410742819477,0.0007960390946502058,1000,1000,1000.0,27000,43990000,1189613.2686084143,619
2,31,411.48628491782983,97.0469121473653,0.0008076131687242799,1000,1000,1000.0,15000,43717000,1171955.3429027114,628
3,34,1985.7667681861003,104.756662557186,0.6708706275720164,1000,24000,3452.4751819986764,1000,6000,1693.7967822421062,151100
3,35,1825.8224862099396,103.771823608025,0.6715329218106996,1000,31000,3202.1880039982584,1000,6000,1566.2966824063285,163071
3,37,1527.7143842077603,102.069979423326,0.19805169753086418,1000,10000,1400.87324328012,1000,225000,5672.257900194662,109935
3,38,1388.52544760228,101.331834531274,0.09125514403292181,1000,1000,1000.0,2000,31534000,9957.947547175128,70960
3,40,1127.66983195818,100.039488228648,0.0672582304526749,1000,3000,1678.4877563464809,6000,34046000,23276.044675524743,31159
3,41,1005.2391418567904,99.4720643052346,0.040676440329218105,1000,14000,8970.504821327284,49000,36258000,203899.85815602838,3526
3,43,774.70784237938,98.4680374121655,0.0007986111111111112,1000,1000,1000.0,22000,44070000,1185761.2903225806,621
3,44,666.02523627543,98.0227660065391,0.0008037551440329218,1000,1000,1000.0,12000,43899000,1178147.435897436,625
3,46,460.54612663128955,97.2278837484599,0.0007883230452674897,1000,1000,1000.0,7000,43875000,1200895.4248366014,613
3,47,363.29785098718,96.8723794040988,0.0007484567901234568,1000,1000,1000.0,3000,45292000,1262363.1669535283,582
4,47,1787.02086886268,103.540639850727,0.6716383744855967,1000,92000,3334.5421809057416,1000,7000,1630.2562858346848,156623
4,49,1563.49572613509,102.265405982098,0.19820987654320987,1000,54000,1415.0958987118631,1000,114000,5723.48415292519,108917
4,51,1354.6779411207299,101.15754404493,0.09128600823045267,1000,1000,1000.0,2000,31473000,9954.637025766733,70984
4,53,1159.0779304156104,100.1890040888,0.07568415637860082,1000,3000,1442.0268548466138,5000,33169000,17609.49253877631,40812
4,55,975.4059700222297,99.337454229978,0.04067001028806584,1000,5000,3181.58953722334,16000,36238000,72315.42408693027,9940
4,57,802.5392702742702,98.584906330307,0.0008127572016460906,1000,1000,1000.0,12000,44039000,1165358.1616481775,632
5,57,1953.15494359695,104.551629479377,0.6710133744855967,1000,26000,3267.3738524928926,1000,7000,1601.948739143231,159694
5,58,1857.19793108068,103.960942837111,0.6714326131687243,1000,30000,3145.1410809378085,1000,18000,1539.092666999994,166004
4,59,639.4954128087602,97.9167223143028,0.0008024691358024691,1000,1000,1000.0,16000,43912000,1179961.4767255217,624
5,59,1763.9593065466897,103.404638056807,0.6717489711934156,1000,108000,3428.136403013677,1000,31000,1675.174409828642,152372
4,61,485.4107509679998,97.3208819020899,0.0008076131687242799,1000,1000,1000.0,4000,43714000,1172097.288676236,628
5,61,1585.1598950889102,102.384876054187,0.198193158436214,1000,12000,1404.288083392561,1000,43000,5681.1790969975855,109746
5,62,1499.3781510516,101.916877694165,0.1980645576131687,1000,6000,1362.7716429532102,1000,48000,5517.51537406539,113016
4,63,339.52271732472036,96.7874340741811,0.0008101851851851852,1000,1000,1000.0,8000,43645000,1168219.3958664546,630
5,63,1415.87182810982,101.474122678967,0.19791795267489712,1000,3000,1252.7451953993047,1000,140000,5075.669515669516,122851
5,64,1334.54586708037,101.054828585786,0.09126800411522634,1000,1000,1000.0,2000,31455000,9956.149868252336,70970
5,66,1178.0812942509401,100.280262912965,0.07574845679012346,1000,2000,1319.6370561218775,4000,33216000,16101.581753819957,44635
5,67,1102.77795327459,99.9221475365363,0.06717078189300411,1000,4000,2057.5930667717157,8000,33985000,28573.23510872991,25385
5,68,1029.3248473945296,99.5817779159687,0.04075102880658436,1000,25000,16012.127337038908,1000,36352000,363543.9838220425,1979
5,69,957.6502952291303,99.2580093757079,0.04062242798353909,1000,4000,2327.438844680224,12000,36253000,52954.75646599366,13572
5,71,819.3686975545497,98.6561458082837,0.04045010288065844,1000,2000,1003.0294333365222,3000,36030000,22886.75935965304,31359
6,71,1748.6752064046204,103.315074113473,0.6717605452674897,1000,34000,3504.2028081332555,1000,12000,1712.254974306683,149067
5,72,752.63613595482,98.3761849630081,0.0008127572016460906,1000,1000,1000.0,6000,44062000,1165063.3914421552,632
5,73,687.4306568334096,98.1090788034946,0.0007998971193415638,1000,1000,1000.0,13000,43997000,1183797.1014492754,622
6,73,1599.68506652634,102.465464770386,0.1982008744855967,1000,8000,1390.9712006209331,1000,42000,5626.949458483755,110801
5,74,623.6971049202702,97.8540616685881,0.0008011831275720164,1000,1000,1000.0,6000,43880000,1181755.6270096463,623
5,76,500.43850807091985,97.377508234686,0.0008063271604938271,1000,1000,1000.0,18000,43761000,1173996.805111821,627
5,77,440.8160123471698,97.1547026885895,0.0008101851851851852,1000,1000,1000.0,22000,43707000,1168306.8362480127,630
6,77,1321.1971476728504,100.98711090929,0.09127314814814814,1000,2000,1003.0951876192495,2000,31451000,9986.403595556434,70755
5,78,382.4702453748696,96.9414392468159,0.0008024691358024691,1000,1000,1000.0,10000,43635000,1179470.304975923,624
5,79,325.35801899204034,96.7371889323352,0.0007986111111111112,1000,1000,1000.0,4000,43585000,1184883.8709677418,621
6,79,1190.8169897894704,100.341760008498,0.08342335390946502,1000,2000,1297.7114507481795,4000,32248000,14256.526696941204,49988
7,79,2009.25734762892,104.905715505672,0.6707175925925926,1000,98000,3658.613578012543,1000,6000,1796.1740545621628,142554
7,80,1939.2755649287901,104.46503303905,0.6710570987654321,0,30000,3215.7343670078694,1000,5000,1576.3181896615476,162269
7,81,1870.7367221126606,104.043156642099,0.6713515946502058,1000,66000,3133.3045237109195,1000,32000,1533.8635135946222,166611
7,82,1803.5937980091703,103.639019803911,0.6715509259259259,1000,76000,3275.036375495459,1000,6000,1601.7987168149918,159448
6,83,945.8726298720603,99.2055867457882,0.04068930041152263,1000,3000,1987.8117735754224,10000,36897000,45057.86629806484,15917
7,83,1737.8018529072297,103.251633001947,0.6718467078189301,1000,36000,3571.497911496681,1000,6000,1744.4556865104323,146277
6,85,830.6432887543097,98.7041128518498,0.04049639917695473,1000,2000,1014.3013592733363,3000,36275000,23117.08809792237,31046
7,85,1610.1008606895703,102.523495791932,0.19839891975308643,1000,6000,1375.6130182790905,1000,45000,5557.535064958225,112150
7,86,1548.1113367286798,102.181092947081,0.19816743827160493,1000,26000,1412.847149000156,1000,54000,5716.437753287,109067
7,87,1487.31164268886,101.852124856032,0.19801568930041152,1000,6000,1342.900750043607,1000,56000,5438.648514290199,114660
7,88,1427.6656542172004,101.535897226716,0.19797325102880658,1000,4000,1261.5982232857739,1000,43000,5110.750520397961,122023
6,89,613.2142293224197,97.8126835482154,0.0008011831275720164,1000,1000,1000.0,8000,43948000,1181810.2893890676,623
7,89,1369.1387380472897,101.231760919179,0.09133230452674897,1000,1000,1000.0,2000,32349000,9943.423590870048,71020
7,90,1311.69767453862,100.939108351453,0.09117026748971194,1000,2000,1010.3321979791646,2000,31429000,10071.37156538593,70169
6,91,510.50286551136014,97.4156094923379,0.0008037551440329218,1000,1000,1000.0,22000,43721000,1177868.5897435897,625
8,91,1965.3470443693805,104.628025227968,0.6708822016460906,1000,22000,3320.7170046722426,1000,7000,1629.0699376818145,157098
7,92,1199.9468637856498,100.386012696293,0.08343492798353909,1000,2000,1253.7004830917874,4000,32453000,13753.405862915226,51750
7,93,1145.5771138237196,100.124534465463,0.07568029835390946,1000,3000,1553.39985218034,5000,33151000,18970.435287596018,37884
8,93,1845.3969992838192,103.889581226315,0.6714377572016461,1000,78000,3161.4098612784665,1000,10000,1547.0178625491976,165151
7,94,1092.1730869789399,99.872464578541,0.06720293209876543,1000,4000,2291.7726515217964,10000,34130000,31800.578921977107,22802
6,95,315.9563209998196,96.7039883795729,0.0007998971193415638,1000,1000,1000.0,15000,43565000,1183022.5442834138,622
7,95,1039.7076272805298,99.6293600918432,0.06701517489711935,0,15000,6445.39270253556,1000,33946000,89741.46462147452,8085
8,95,1729.6706895052102,103.204340876725,0.6716332304526749,1000,38000,3628.4320809248557,1000,6000,1773.9813110084413,143936
7,96,988.1546177837099,99.3948040714907,0.040671296296296296,1000,7000,4368.232044198895,23000,36268000,99309.71128608924,7240
7,97,937.4889304952903,99.1684037431121,0.040606995884773664,1000,3000,1812.4210767994489,9000,36168000,41240.62912576775,17422
8,97,1617.9350709092896,102.567277240364,0.1982767489711934,1000,6000,1362.1705672912967,1000,408000,5507.845493258884,113187
7,99,838.7236749900903,98.7386098393527,0.040297067901234565,1000,2000,1027.2760056387897,4000,36327000,23546.324831158614,30503
8,99,1509.9744211776397,101.973958600866,0.19831147119341563,0,8000,1383.6677194745532,1000,250000,5593.6005455508,111448
7,100,790.57838432276,98.5345369577124,0.0008076131687242799,1000,1000,1000.0,3000,44005000,1172893.1419457735,628
7,101,743.22888943008,98.337258418799,0.0008037551440329218,1000,1000,1000.0,16000,44072000,1178174.6794871795,625
8,101,1405.5887336977003,101.420462665053,0.09131944444444444,1000,1000,1000.0,1000,31547000,9950.597811545016,71010
7,102,696.6543509354096,98.1464794575708,0.000688014403292181,1000,1000,1000.0,22000,130085000,1292762.172284644,535
7,103,650.8346725285801,97.9619211660764,0.0007806069958847736,1000,1000,1000.0,4000,44588000,1212079.207920792,607
8,103,1304.5922887727202,100.903305481702,0.0912011316872428,1000,2000,1017.6062906257623,2000,31389000,10139.690055962117,69691
9,103,1931.5897602529803,104.417249397365,0.6711754115226337,1000,743000,3192.6714381843763,1000,4000,1564.1742471049556,163470
7,104,605.7504675691498,97.7833194674037,0.0007973251028806584,1000,1000,1000.0,10000,43875000,1187365.1050080776,620
9,104,1878.2823732377692,104.089136954929,0.6713310185185185,1000,28000,3129.508177065848,1000,14000,1532.147931441726,166808
8,105,1206.8123795526099,100.419382136134,0.08344393004115226,1000,2000,1225.026903543716,3000,32269000,13454.631272892044,52967
7,106,517.7142919219496,97.4429980805521,0.0008011831275720164,1000,1000,1000.0,8000,43748000,1181546.6237942122,623
9,106,1774.1887446423998,103.464836186304,0.6716962448559671,1000,30000,3383.8952524100755,1000,10000,1653.9510595979293,154352
7,107,474.7268203306803,97.2808162138592,0.0008063271604938271,1000,1000,1000.0,17000,43755000,1174052.715654952,627
8,107,1112.0881733439,99.965916950063,0.06726208847736626,1000,3000,1895.1735633016885,7000,34118000,26281.37116353227,27598
9,107,1723.3605269332702,103.167727962477,0.6718171296296296,1000,134000,3680.489506055418,1000,6000,1797.932900280404,141939
7,108,432.40376523982013,97.1236650196704,0.0007947530864197531,1000,1000,1000.0,2000,43702000,1191045.3808752026,618
7,109,390.72884677716957,96.9713416958631,0.0008166152263374486,1000,1000,1000.0,6000,43854000,1158968.454258675,635
8,109,1020.2696916866398,99.5404214160225,0.040698302469135805,1000,458000,287700.0,1652000,39133000,6588798.165137615,110
9,109,1624.0416526459203,102.601483555236,0.19818801440329217,1000,6000,1351.7441605487286,1000,199000,5468.396954599677,114009
7,110,349.6863285622903,96.8236535387475,0.0007857510288065844,1000,1000,1000.0,12000,43649000,1204583.6065573771,611
9,110,1575.51314017625,102.331570370327,0.19811342592592593,1000,16000,1409.7735072065889,1000,34000,5706.105752512034,109275
7,111,309.2609948224499,96.6804173412569,0.0007883230452674897,1000,1000,1000.0,10000,43702000,1200480.3921568627,613
8,111,931.2168948879798,99.1406584721411,0.040609567901234565,1000,3000,1701.8593371059014,8000,36189000,38722.485717365525,18555
9,112,1480.62798354781,101.816371543096,0.19806970164609053,1000,6000,1332.2636172550106,1000,36000,5393.707939034306,115607
8,113,844.7988586496704,98.7646120097248,0.04050411522633745,1000,2000,1041.844464291621,4000,36045000,23747.337082368507,30231
9,113,1434.2371024841304,101.570425026366,0.1979565329218107,1000,4000,1267.0573806250875,1000,50000,5133.538020841907,121487
10,113,2002.1928519760295,104.860768877522,0.6707716049382716,1000,26000,3590.6487498623196,1000,6000,1762.375828669379,145264
8,115,760.8930320803502,98.4104607266454,0.0008037551440329218,1000,1000,1000.0,10000,44005000,1178312.5,625
9,115,1343.47724574721,101.100310055417,0.09125514403292181,1000,1000,1000.0,2000,31479000,9957.989825110275,70960
9,116,1299.07722306286,100.875575990763,0.09121270576131688,1000,2000,1024.09829911346,2000,31426000,10203.242993488022,69258
8,117,679.3845677906202,98.0765556107963,0.0008037551440329218,1000,1000,1000.0,18000,44006000,1178115.3846153845,625
10,117,1810.2465706331895,103.678663979814,0.6714904835390947,1000,57000,3251.514755241707,1000,6000,1590.7302006401553,160587
9,118,1212.1629975741198,100.445443448333,0.08347222222222223,1000,2000,1203.850362594358,3000,32277000,13218.209807849247,53917
8,119,600.1657159714496,97.7614004720416,0.0008063271604938271,1000,1000,1000.0,12000,43913000,1174209.2651757188,627
9,119,1169.6205688011596,100.239558164759,0.0757201646090535,1000,2000,1369.6845631338979,4000,33195000,16718.17060971922,42988
10,119,1718.32123612932,103.138544040474,0.67193158436214,1000,29000,3724.252468013828,1000,7000,1818.3671432848162,140295
8,121,523.1352753853498,97.463635047034,0.0008153292181069958,1000,1000,1000.0,19000,43880000,1161044.233807267,634
9,121,1086.29772892425,99.845018076377,0.06715534979423868,1000,5000,2450.1477971191293,11000,34021000,34032.23536036036,21313
10,121,1628.9353279111501,102.62894620508,0.19824074074074075,1000,6000,1343.9347177904483,1000,33000,5435.1923697265065,114702
9,122,1045.4915945760104,99.6559421444366,0.06691615226337448,1000,11000,5221.675865529352,1000,33916000,72781.61380971497,9965
8,123,448.1980950838097,97.1820202855829,0.0008088991769547325,1000,1000,1000.0,13000,43942000,1169507.9617834394,629
10,123,1541.97843308363,102.147603401194,0.19805041152263375,1000,18000,1409.9186113577896,1000,34000,5708.636979529058,109229
9,124,965.52844752897,99.2931973408528,0.040646862139917694,1000,4000,2636.1134278565473,13000,36212000,59928.517807990655,11990
11,124,2015.6925619596404,104.946749161714,0.6048829732510288,1000,17000,2877.9277515357694,1000,10000,1879.9094441215161,163436
8,125,375.26462142540004,96.9154254948036,0.0007998971193415638,1000,1000,1000.0,14000,43659000,1183215.7809983897,622
9,125,926.3479385731398,99.119162451777,0.04057355967078189,1000,3000,1625.4507985574446,8000,36174000,37009.5831830594,19410
11,125,1970.9036832162692,104.662944786634,0.671045524691358,1000,34000,3350.617077837852,1000,10000,1642.5227793723873,155734
11,126,1926.7080374487305,104.386961772164,0.6710853909465021,1000,43000,3178.45765901851,1000,4000,1557.8457527805188,164179
8,127,304.25048562579013,96.6628170717695,0.0007998971193415638,1000,1000,1000.0,22000,43808000,1183057.9710144927,622
9,127,849.53285844109,98.7849130690892,0.040513117283950614,1000,2000,1054.1761477713826,4000,36105000,24026.001405481376,29884
10,127,1374.94202891223,101.261648066962,0.09126800411522634,1000,1000,1000.0,2000,31492000,9956.586678690695,70970
11,127,1883.0931518733705,104.118511788002,0.671304012345679,1000,20000,3128.425796630688,1000,12000,1531.805487300579,166859
9,128,811.87677829317,98.6243790837485,0.04046167695473251,1000,2000,1000.2861321294589,3000,36026000,22813.912822306298,31454
11,128,1840.0469114685602,103.857320141363,0.6711805555555556,1000,36000,3166.795099722706,1000,8000,1551.4605050786986,164807
10,129,1294.6722970116498,100.853465853847,0.09117541152263374,1000,2000,1029.9103705748196,2000,31389000,10265.376681484064,68839
11,129,1797.5575460154596,103.603124970451,0.6716538065843621,1000,22000,3296.4604004140474,1000,7000,1611.5252311673557,158436
9,130,738.0160451088104,98.3157450239079,0.0008076131687242799,1000,1000,1000.0,9000,44023000,1172519.9362041468,628
11,130,1755.61361770456,103.355676496317,0.6717592592592593,1000,73000,3468.1344071386366,1000,21000,1694.6406756254316,150617
9,131,701.7916613041298,98.167364956858,0.0008101851851851852,1000,1000,1000.0,2000,44037000,1168715.4213036567,630
10,131,1216.4502983515004,100.466360433032,0.08345807613168724,1000,2000,1187.8500567412234,3000,32326000,13044.661651382863,54634
11,131,1714.2040092788502,103.114736328022,0.6718016975308642,1000,26000,3755.8182171127837,1000,7000,1834.8599447831589,139089
9,133,630.7075763173698,97.8818224342524,0.0008088991769547325,1000,1000,1000.0,6000,43849000,1170654.4585987262,629
10,133,1140.1937100524801,100.098911622625,0.07564043209876543,1000,3000,1603.0634215475184,6000,33099000,19588.90705914418,36691
11,133,1632.94481821922,102.651480453574,0.19828317901234568,1000,6000,1337.1810660329904,1000,566000,5406.599887255539,115306
9,134,595.8297396088401,97.7444136927003,0.0007896090534979424,1000,1000,1000.0,27000,44372000,1198833.6052202284,614
11,134,1593.0745041063901,102.428739310759,0.19821373456790123,1000,10000,1398.7113752892599,1000,137000,5657.322540247201,110195
11,135,1553.6970265519803,102.211654517331,0.19813914609053498,1000,54000,1414.6688580584146,1000,114000,5723.992287209622,108911
9,136,527.3589761326903,97.4797429360828,0.0007998971193415638,1000,1000,1000.0,10000,43927000,1183497.5845410628,622
11,136,1514.8027101831303,102.000035771819,0.19808384773662552,1000,8000,1387.4951582247124,1000,66000,5617.0053687889595,111013
9,137,493.7493484829902,97.3522635351002,0.0008088991769547325,1000,1000,1000.0,16000,43785000,1170219.7452229299,629
10,137,993.2695821541502,99.4178863680253,0.040713734567901234,1000,8000,5155.349291646312,27000,36273000,117068.07817589576,6141
11,137,1476.3821388957804,101.793700885892,0.1980246913580247,1000,4000,1324.6961055049424,1000,218000,5364.521679284239,116241
12,137,1945.0516038396308,104.501022994726,0.6709876543209876,1000,20000,3234.3168856930324,1000,5000,1585.9260223532256,161320
11,138,1438.4261470764404,101.592475357578,0.19798482510288065,1000,4000,1270.1763939078924,1000,47000,5144.911513551421,121206
9,139,427.7415044221698,97.1065054020393,0.0008166152263374486,1000,1000,1000.0,2000,43743000,1158832.8075709778,635
10,139,922.45861244146,99.1020180830716,0.040574845679012345,1000,3000,1571.2649402390439,7000,36159000,35776.13426963494,20080
11,139,1400.92581118232,101.396191971657,0.09133487654320988,1000,1000,1000.0,1000,31532000,9948.085777446107,71022
12,139,1865.0887953520505,104.008815156354,0.6713104423868312,1000,174000,3137.4812927112193,1000,82000,1536.1946892016974,166379
9,140,395.3278803922003,96.988034172108,0.0007998971193415638,1000,1000,1000.0,23000,43653000,1183244.766505636,622
11,140,1363.87244166259,101.204690425154,0.09123971193415638,1000,1000,1000.0,2000,31511000,9960.111068826025,70948
10,141,853.3256532229198,98.8012027406333,0.04050668724279836,1000,2000,1065.7778980848616,4000,36095000,24296.82265759821,29554
11,141,1327.2575752047496,101.017816976072,0.09124099794238683,1000,2000,1000.634660950017,2000,31431000,9966.165042381846,70904
9,142,331.6442040503898,96.7594539414022,0.0008114711934156379,1000,1000,1000.0,18000,43578000,1166450.7936507936,631
11,142,1291.07296729075,100.835424113653,0.09109825102880659,1000,2000,1034.977499853895,2000,31449000,10325.175693642885,68444
9,143,300.35991256916986,96.6491739635464,0.0007947530864197531,1000,1000,1000.0,5000,43620000,1190802.2690437601,618
10,143,785.8079738545302,98.5145083512124,0.0008101851851851852,1000,1000,1000.0,3000,44119000,1168923.6883942767,630
12,143,1710.7769862161704,103.094944547929,0.6718930041152263,1000,58000,3789.6233326321744,1000,7000,1850.6013085169657,137867
11,144,1219.9626003849098,100.483519421805,0.08353652263374485,1000,2000,1176.0084003186328,3000,32296000,12901.728976192631,55236
11,145,1185.0213833877397,100.313741030369,0.08465277777777777,1000,2000,1332.5370958926294,4000,32213000,14408.599538442852,49399
12,145,1636.2899002227005,102.670303707022,0.19826131687242798,1000,6000,1331.8704482821179,1000,121000,5385.868062754856,115753
11,146,1150.47949598369,100.147909569535,0.0756738683127572,1000,3000,1510.5246945271588,5000,33182000,18450.545501219356,38956
10,147,655.3832296002201,97.9801047030915,0.000787037037037037,1000,1000,1000.0,4000,43909000,1203068.7397708674,612
11,147,1116.3296858413896,99.9859043896078,0.06721965020576132,1000,3000,1830.1179930674696,7000,34094000,25388.30532212885,28561
13,147,1998.3950549326291,104.836649060721,0.6706957304526749,1000,19000,3592.1466797991557,1000,6000,1763.709999586737,145187
11,148,1082.56488050797,99.8276094667358,0.06713348765432099,1000,5000,2562.613519218497,11000,33991000,35609.52380952381,20371
13,148,1960.6524942807791,104.598572921316,0.6709375,1000,27000,3299.108384975338,1000,7000,1618.0575316651807,158140
10,149,592.3658092575297,97.7308627416911,0.0008101851851851852,1000,1000,1000.0,14000,43879000,1168553.2591414945,630
11,149,1049.1781817689598,99.6729131866528,0.06704732510288065,1000,10000,4696.5138275831005,25000,33959000,65351.08108108108,11101
12,149,1492.3337305475598,101.879042981603,0.19805812757201646,1000,6000,1350.6568677319208,1000,69000,5468.572681429511,114026
13,149,1923.3325841056994,104.366047910814,0.6711599794238683,1000,28000,3169.698331622644,1000,6000,1553.0215608867295,164651
11,150,1016.1628602214596,99.5217081405131,0.04069187242798354,1000,47000,29850.943396226416,1000,36519000,678946.1756373937,1060
13,150,1886.42780222876,104.13890067406,0.6712487139917696,1000,29000,3127.6057738976206,1000,10000,1531.7877858204304,166889
10,151,530.7425980328699,97.4926652542148,0.0007998971193415638,1000,1000,1000.0,23000,43966000,1183692.4315619967,622
11,151,983.51235005122,99.3738909320228,0.04065329218106996,1000,6000,3838.737097753491,20000,36245000,87300.34005343697,8235
12,151,1422.7461361742498,101.510099358405,0.19811728395061728,1000,4000,1258.8537155371064,1000,54000,5095.164941124558,122378
13,151,1849.9308093319996,103.916964812318,0.671412037037037,1000,18000,3153.4029136768863,1000,10000,1543.2795974946093,165564
11,152,951.2202440046003,99.2293619951324,0.04061728395061728,1000,4000,2132.46911079603,10000,36647000,48483.92977717758,14811
13,152,1813.8344433377197,103.700080533588,0.6715753600823046,1000,23000,3239.9012302786273,1000,6000,1584.4387090369892,161183
10,153,470.46488906418017,97.2648781424265,0.0008114711934156379,1000,1000,1000.0,12000,44216000,1166149.2063492064,631
11,153,919.2802885470301,99.08802542161,0.04059156378600823,1000,3000,1530.1531898390538,7000,36172000,34823.192902506424,20628
13,153,1778.1317139966004,103.488094324468,0.6716923868312757,1000,24000,3368.533746090097,1000,9000,1646.4715518464534,155055
13,154,1742.81579767505,103.280858641997,0.6718042695473251,1000,22000,3538.853926038329,1000,9000,1728.8437567743333,147617
11,155,856.4325560472898,98.814563050453,0.040497685185185185,1000,2000,1075.7694804085677,4000,36109000,24521.693085542498,29273
12,155,1288.0767513989304,100.820422477611,0.09123328189300411,1000,2000,1039.945468937817,2000,31439000,10358.678921676415,68218
13,155,1707.8800323334199,103.078231623993,0.1983423353909465,1000,3000,1243.8184486846562,1000,116000,5026.702258925619,123998
11,156,825.5129994082099,98.6822622996768,0.04048482510288066,1000,2000,1007.8112494797836,3000,36076000,22983.704699705468,31237
10,157,353.76256000188005,96.8382190651807,0.0008011831275720164,1000,1000,1000.0,20000,43948000,1181387.459807074,623
11,157,794.9220256623603,98.5528037208597,0.0008050411522633745,1000,1000,1000.0,20000,44218000,1176254.4,626
12,157,1222.8926255583801,100.497849679349,0.08350051440329218,1000,2000,1166.2954447478087,3000,32292000,12800.919688886494,55672
13,157,1639.1230855405702,102.686262917663,0.19823302469135803,1000,5000,1327.0487357628037,1000,36000,5367.152794517718,116157
11,158,764.6540832279497,98.4261074127458,0.0008011831275720164,1000,1000,1000.0,10000,44018000,1181903.536977492,623
13,158,1605.2893452936796,102.496663535242,0.19819573045267488,1000,8000,1383.6920121026028,1000,62000,5597.638714311366,111381
11,159,734.70374868206,98.302096272645,0.0007986111111111112,1000,1000,1000.0,22000,43983000,1185829.0322580645,621
13,159,1571.8106296020296,102.311156959544,0.19815329218106995,1000,22000,1411.9824789692648,1000,44000,5713.3287514318445,109126
14,159,1974.0830653256307,104.682953644019,0.6709053497942387,1000,82000,3371.0002584647195,1000,10000,1653.5645745966308,154760
11,160,705.0657230188099,98.1806958778999,0.0008101851851851852,1000,1000,1000.0,2000,43952000,1168887.1224165342,630
13,160,1538.6810151958398,102.129625948014,0.19816486625514404,1000,14000,1407.8720157878868,1000,59000,5696.455002284148,109451
11,161,675.7348280392798,98.0618343733067,0.0008217592592592593,1000,1000,1000.0,7000,43905000,1152327.5862068965,639
12,161,1096.5872069605202,99.8931220419227,0.06718878600823046,1000,4000,2186.940142318962,9000,34010000,30360.249487211688,23890
13,161,1505.89471384428,101.951957522321,0.19805041152263375,1000,6000,1373.9684352333454,1000,287000,5562.336063379905,112087
11,162,646.7060028678598,97.9454423641378,0.0008114711934156379,1000,1000,1000.0,4000,43888000,1166917.4603174604,631
13,162,1473.4460684614496,101.778042776551,0.19802854938271605,1000,4000,1320.0658374124525,1000,67000,5345.349335619374,116651
11,163,617.9743005898599,97.8314528144414,0.0008088991769547325,1000,1000,1000.0,15000,43869000,1170404.4585987262,629
12,163,1035.37704560575,99.6094928250101,0.06701260288065844,1000,19000,7930.147618322934,1000,33966000,110415.37290715372,6571
13,163,1441.32954934783,101.607776695871,0.1980272633744856,1000,4000,1272.9587408136103,1000,107000,5154.605426318139,120967
14,163,1836.99362634082,103.838934343144,0.6714506172839506,0,138000,3175.58403328123,1000,8000,1553.8633709614637,164417
11,164,589.5348850054097,97.719800950316,0.0008088991769547325,1000,1000,1000.0,16000,43929000,1170468.152866242,629
13,164,1409.5397505617902,101.441057984984,0.09133101851851852,1000,1000,1000.0,1000,31538000,9949.055169112056,71019
13,165,1378.0713864157497,101.277788905725,0.09128086419753087,0,1000,999.9859117228555,2000,31504000,9955.128205128205,70981
14,165,1770.53168373064,103.443291679828,0.6717219650205761,1000,39000,3399.9062689170805,1000,13000,1661.5830241489293,153631
11,166,533.5141039916798,97.5032619456281,0.0007844650205761317,1000,1000,1000.0,12000,212189000,850433.4975369459,610
13,166,1346.91928809219,101.117875123247,0.09126671810699588,1000,1000,1000.0,2000,31483000,9956.642430391163,70969
11,167,505.9235920573301,97.3982557610622,0.0007896090534979424,1000,1000,1000.0,6000,44088000,1198659.0538336053,614
12,167,916.63432887418,99.0763885523062,0.040569701646090535,1000,3000,1497.1051632498102,7000,36148000,34082.76778510749,21072
13,167,1316.0784003745002,100.961225560235,0.09117283950617285,1000,2000,1006.6879659211928,2000,31784000,10031.097353175053,70425
14,167,1705.3989942952703,103.063930980047,0.19831918724279834,1000,3000,1245.7428589892722,1000,44000,5035.705342068486,123792
11,168,478.60706805597965,97.2953490111386,0.0007998971193415638,1000,1000,1000.0,4000,43903000,1183207.729468599,622
13,168,1285.5437784882497,100.807752258658,0.09101980452674897,1000,2000,1044.694386633013,2000,31435000,10432.514612977506,67749
11,169,451.56020442325007,97.1944869365402,0.000834619341563786,1000,1000,1000.0,10000,43684000,1134112.6543209876,649
12,169,859.0241948291296,98.825718980188,0.04050925925925926,1000,2000,1084.3746772694412,4000,36070000,24720.94464334894,29049
14,169,1641.5535257020902,102.699965530729,0.19826774691358023,1000,5000,1322.9078178495122,1000,71000,5349.176248498369,116541
15,169,2018.6998923672709,104.965954877748,0.6048804012345679,1000,21000,2897.791331669901,1000,10000,1892.9051098488117,162315
11,170,424.7787670263997,97.0956165494354,0.0007998971193415638,1000,1000,1000.0,2000,43649000,1183318.8405797102,622
13,170,1225.3740871089103,100.509997423715,0.08352880658436214,1000,2000,1158.2232208134953,3000,32541000,12705.909625878241,56079
11,171,398.25861261205955,96.9986865645791,0.0008076131687242799,1000,1000,1000.0,16000,43640000,1172062.2009569379,628
13,171,1195.7296533088102,100.365554422992,0.08344393004115226,1000,2000,1273.823079037261,4000,32377000,13991.42077468245,50938
14,171,1578.9550517281396,102.350569762261,0.19818930041152263,1000,14000,1407.8269448605986,1000,55000,5695.579489709227,109468
11,172,371.9956863380703,96.9036473335678,0.0008088991769547325,1000,1000,1000.0,18000,43644000,1170052.5477707007,629
13,172,1166.3727511142697,100.223964518305,0.07571887860082305,1000,2000,1391.116361488482,4000,33175000,16980.247613647105,42325
15,172,1920.8594323618508,104.350739330234,0.671139403292181,0,23000,3163.587206905749,1000,6000,1550.177918684796,164964
11,173,345.98601938632964,96.8104507820853,0.0008024691358024691,1000,1000,1000.0,21000,43579000,1179414.125200642,624
12,173,747.1447992216799,98.3534460914941,0.0008153292181069958,1000,1000,1000.0,23000,43988000,1161402.8436018957,634
13,173,1137.2989441496802,100.085153507559,0.07565843621399176,1000,3000,1633.3601710208502,6000,33120000,19953.77311344328,36019
14,173,1517.5650546304496,102.014974053489,0.1978562242798354,1000,8000,1391.2017361425083,1000,42000,5640.126956568917,110590
15,173,1888.8753540265498,104.153879886924,0.6712487139917696,1000,29000,3128.9744389027433,1000,10000,1532.4581122800707,166816
11,174,320.22572665335974,96.7190503499769,0.0008037551440329218,1000,1000,1000.0,4000,43651000,1177522.435897436,625
13,174,1108.5038896163296,99.9490496130226,0.06720421810699588,1000,4000,1953.7161656946314,8000,34009000,27117.844991961716,26748
12,175,692.8074849296399,98.1308657424923,0.0007998971193415638,1000,1000,1000.0,16000,43915000,1183895.3301127213,622
13,175,1079.98333579461,99.8155833845688,0.06727109053497943,1000,5000,2638.7207425343017,12000,34012000,36584.72481460929,19824
13,176,1051.7331196267196,99.6846876075462,0.0670383230452675,1000,9000,4390.549987366293,23000,33955000,61106.047843665765,11873
15,176,1794.74443963683,103.586421204699,0.6715264917695474,1000,35000,3306.876832566004,1000,7000,1617.5509480323738,157907
13,177,1023.7491643768899,99.5562972150162,0.040708590534979425,1000,71000,45351.002865329516,1000,36756000,1031311.3342898135,698
14,177,1398.2644205800998,101.382356565941,0.09131815843621399,1000,1000,1000.0,1000,31613000,9950.442203695358,71009
13,178,996.0274773661104,99.4303492041143,0.04069444444444444,1000,9000,5710.882512181916,31000,36210000,129754.15162454874,5541
15,178,1733.4626945955997,103.22637987353,0.6718647119341564,1000,30000,3603.271927223069,1000,6000,1759.8317125318988,144991
12,179,587.1779782186004,97.7106001712309,0.0007780349794238683,1000,1000,1000.0,18000,43973000,1217014.9006622517,605
13,179,968.5641477786203,99.306782556305,0.04062885802469136,1000,5000,2783.033826638478,14000,36242000,63316.095498193994,11352
14,179,1340.2844977354498,101.084035609416,0.09125900205761317,1000,1000,1000.0,2000,31696000,9955.595952763451,70963
15,179,1703.25030149744,103.051555505963,0.19837577160493827,1000,3000,1247.6201260099806,1000,49000,5041.459074733096,123641
13,180,941.3553445376101,99.1855381613188,0.04059284979423868,1000,3000,1891.9323903140735,9000,36191000,43018.58178984595,16684
12,181,535.8258187935899,97.512108987885,0.0008243312757201646,1000,1000,1000.0,14000,44455000,1148568.75,641
13,181,914.3973142473997,99.0665587445699,0.0406005658436214,1000,2000,1472.1160123099878,7000,36175000,33498.81091163441,21446
14,181,1283.3743249662402,100.796909157725,0.09114326131687243,1000,2000,1047.6267904391657,2000,31417000,10446.149297856615,67651
15,181,1643.6613990551896,102.711858555332,0.1985545267489712,1000,5000,1318.474492322932,1000,5030000,5312.636100460287,117102
16,181,1996.0236176230192,104.82160329055,0.6707960390946502,1000,32000,3535.890292097967,1000,6000,1735.3068778047425,147519
15,182,1614.2767147579598,102.546818241963,0.1982201646090535,1000,6000,1368.4799303934017,1000,52000,5535.362951914199,112633
13,183,861.2189354420798,98.8351745132446,0.04048868312757202,1000,2000,1093.4602160247282,4000,36406000,24925.118088357878,28793
14,183,1227.5026683065898,100.520425966868,0.08349022633744856,1000,2000,1151.671042361456,3000,32247000,12641.730677121215,56372
16,183,1934.9501123330792,104.438126280118,0.6710841049382716,1000,65000,3201.893518717365,1000,4000,1569.3414981346946,162977
13,184,834.9914509050404,98.7226637197428,0.040513117283950614,1000,2000,1021.3986966248419,4000,36047000,23276.149406653265,30843
15,184,1556.3070544206003,102.225954721358,0.19811213991769547,1000,112000,1414.3721481100633,1000,242000,5724.921500578417,108919
12,185,435.90571039640963,97.1365738260155,0.0008101851851851852,1000,1000,1000.0,2000,43670000,1168217.8060413355,630
13,185,809.0004635876703,98.6122058229916,0.0008050411522633745,1000,1000,1000.0,8000,44101000,1176371.2,626
14,185,1172.63953414785,100.254068783827,0.07569315843621399,1000,2000,1350.8755823827776,4000,33177000,16495.593298140924,43571
16,185,1874.9790265520005,104.068993539243,0.6712937242798354,1000,36000,3130.0661393904143,1000,18000,1532.6801304806677,166769
13,186,783.2425797978303,98.5037517474437,0.0008101851851851852,1000,1000,1000.0,3000,44045000,1168958.6645468997,630
12,187,387.28469599169966,96.9588598998586,0.0008037551440329218,1000,1000,1000.0,6000,43646000,1177501.6025641025,625
13,187,757.7144724459504,98.3972538811261,0.0007960390946502058,1000,1000,1000.0,17000,44029000,1189699.0291262136,619
14,187,1118.7561072195804,99.997351795424,0.06724022633744856,1000,3000,1793.995539543661,7000,34020000,24885.12215207247,29145
15,187,1471.2946948228,101.7665793305,0.19800411522633746,1000,4000,1316.1120466376606,1000,39000,5330.569469851093,116987
16,187,1816.0788622058699,103.71349074065,0.6715033436213992,1000,30000,3232.5345285483463,1000,6000,1581.352301711116,161533
13,188,732.4128793903301,98.2926660227792,0.0008179012345679012,1000,1000,1000.0,12000,44107000,1157581.1023622048,636
15,188,1443.4604268411504,101.619016304167,0.19789866255144034,1000,4000,1271.827167840259,1000,941000,5151.320302491838,120996
13,189,707.3346018320499,98.1899433312634,0.0007973251028806584,1000,1000,1000.0,2000,44005000,1187722.1324717286,620
16,189,1758.21934554575,103.370948934669,0.6716872427983539,1000,148000,3454.5514673298367,1000,42000,1688.5549499973545,151193
13,190,682.4765027578396,98.089042277119,0.000779320987654321,1000,1000,1000.0,10000,44048000,1214757.0247933883,606
13,191,657.8355054291196,97.9899205961724,0.0008024691358024691,1000,1000,1000.0,22000,44016000,1179974.3178170144,624
14,191,1013.8186593685596,99.5110386174356,0.0407201646090535,1000,31000,19765.29338327091,1000,36374000,449091.19300437224,1602
15,191,1361.4179006002096,101.192089874296,0.09126800411522634,1000,1000,1000.0,2000,31450000,9956.178049570939,70970
16,191,1701.3713672145695,103.040740968775,0.19834747942386832,1000,3000,1249.0383291627188,1000,96000,5048.128472165984,123483
13,192,633.4085919157296,97.8925372450877,0.0008024691358024691,1000,1000,1000.0,18000,43886000,1179905.2969502409,624
17,192,2005.0999582887107,104.879252228782,0.6707240226337449,1000,47000,3617.889844617092,1000,6000,1776.1291351910045,144160
13,193,609.1928016727397,97.7968523587679,0.0007998971193415638,1000,1000,1000.0,19000,43837000,1183719.806763285,622
14,193,962.7123920409504,99.28060809779,0.04063271604938272,1000,4000,2515.605095541401,13000,36204000,57217.7721156143,12560
15,193,1307.9060901489802,100.919992339013,0.09123328189300411,1000,2000,1014.079876497327,2000,31666000,10100.99060851666,69958
16,193,1645.5069258396697,102.72227825049,0.19823816872427982,1000,4000,1315.7894736842106,1000,81000,5321.622152228283,117154
17,193,1976.141927502449,104.695921863357,0.6715380658436214,1000,1932000,3377.1689852091863,1000,54000,1651.8477318880884,154623
13,194,585.1852301588297,97.7028272095163,0.0008076131687242799,1000,1000,1000.0,20000,43863000,1172352.4720893141,628
15,194,1281.49537452181,100.787524536818,0.0911496913580247,1000,2000,1051.087746355642,2000,31389000,10479.3718116028,67433
17,194,1947.4328914550206,104.515880483309,0.6710519547325103,1000,36000,3244.5624463706117,1000,5000,1590.486553707446,160826
14,195,912.4812389323197,99.0581454077089,0.040574845679012345,1000,2000,1450.087324202592,6000,36202000,33015.1215700694,21758
16,195,1590.5990749093198,102.415007814464,0.19819187242798353,1000,10000,1400.4379946750025,1000,54000,5665.539865147302,110047
17,195,1918.9694421681597,104.339048862758,0.6712821502057613,1000,23000,3164.1641762997897,1000,6000,1549.4580767179089,164969
13,196,537.7833971615,97.5196066650486,0.001190843621399177,1000,1000,1000.0,14000,85010000,745014.0540540541,926
15,196,1229.3486452795696,100.529476150039,0.08351594650205761,1000,2000,1146.230827611769,3000,32260000,12578.226489692177,56657
17,196,1890.7482354727908,104.165350235654,0.671238425925926,1000,55000,3129.0953017559214,1000,8000,1532.5887558001511,166807
13,197,514.3835947336402,97.4303391568704,0.0008127572016460906,1000,1000,1000.0,15000,43676000,1164757.527733756,632
14,197,863.1014678782003,98.8432908804552,0.040522119341563786,1000,2000,1100.8244829513694,4000,36098000,25086.60867134822,28624
15,197,1203.6065360747198,100.403790465525,0.08344778806584362,1000,2000,1238.3396946564885,3000,32273000,13600.793908280692,52400
16,197,1536.6218727106998,102.1184096598,0.19812114197530864,1000,14000,1405.968514715948,1000,51000,5690.318871265081,109575
17,197,1862.7659894961307,103.994710199767,0.6713914609053498,1000,70000,3139.558238969505,1000,34000,1536.6472625805832,166289
13,198,491.1809266520604,97.3425870891862,0.0008088991769547325,1000,1000,1000.0,16000,43781000,1169968.152866242,629
17,198,1835.0194831922909,103.827056625274,0.6715432098765433,1000,39000,3178.5738198861736,1000,8000,1554.6736139855373,164285
13,199,468.1727490293197,97.2563168646404,0.0007973251028806584,1000,1000,1000.0,12000,43747000,1187172.859450727,620
14,199,814.5502227453599,98.6357050336766,0.04044881687242798,1000,2000,1000.9865699191649,3000,36035000,22842.271092581395,31422
15,199,1152.77001126915,100.158844651037,0.07568287037037037,1000,3000,1491.2200684150514,5000,33130000,18211.129130346646,39465
16,199,1483.5503351238203,101.83199432805,0.19798739711934157,1000,6000,1336.600569523545,1000,61000,5414.175703011729,115184
17,199,1807.50555491452,103.662319567708,0.6715354938271605,1000,26000,3261.033291908399,1000,4000,1595.0614508393285,160129
13,200,445.3564664898104,97.1714958107693,0.0007998971193415638,1000,1000,1000.0,16000,43750000,1183439.6135265701,622
17,200,1780.2211010281399,103.500431184996,0.6716216563786008,1000,21000,3358.8858017545213,1000,7000,1642.2824360219445,155484
13,201,422.72953104255976,97.0880921493511,0.0007934670781893004,1000,1000,1000.0,2000,43689000,1192814.9350649351,617
14,201,766.8054826854795,98.4350672024722,0.0007728909465020576,1000,1000,1000.0,25000,44352000,1225533.3333333333,601
16,201,1431.36039108159,101.555300696094,0.19802854938271605,1000,4000,1263.5141788105554,1000,58000,5116.836655151759,121872
17,201,1753.1630745625498,103.341325658371,0.6717399691358025,1000,49000,3480.7684618767744,1000,15000,1700.9629160697032,150066
13,202,400.28944098558986,97.0060749669542,0.0008037551440329218,1000,1000,1000.0,9000,44047000,1177509.6153846155,625
15,202,1078.09162309748,99.8067777608803,0.06709490740740741,1000,5000,2717.768401312705,12000,33977000,37786.257553657015,19197
17,202,1726.3284839010103,103.184939116929,0.6718377057613169,1000,24000,3657.3346774758124,1000,6000,1786.4548694002422,142842
13,203,378.03373984091013,96.9254141866281,0.0008114711934156379,1000,1000,1000.0,25000,43629000,1166326.9841269841,631
15,203,1053.6081390568297,99.693335338849,0.06700360082304527,1000,9000,4190.621732486125,21000,33957000,58352.155727155725,12433
16,203,1380.0288405206902,101.287893961318,0.0912744341563786,1000,1000,1000.0,2000,31479000,9955.561191422212,70975
17,203,1699.7143915071501,103.031209565633,0.19838734567901234,1000,3000,1250.595846101464,1000,33000,5053.067213606479,123354
18,203,2013.1885110109706,104.930771980061,0.6048456790123456,1000,17000,2861.432882312859,1000,10000,1869.426344704229,164368
13,204,355.96001531918955,96.8460805406871,0.0008037551440329218,1000,1000,1000.0,24000,43632000,1177376.6025641025,625
13,205,334.0658983129397,96.768045544537,0.0007921810699588477,1000,1000,1000.0,13000,43697000,1194679.674796748,616
14,205,673.6513821401804,98.0534395690449,0.0008101851851851852,1000,1000,1000.0,7000,43906000,1168767.8855325915,630
16,205,1329.53331466089,101.029363799267,0.09119727366255144,1000,2000,1000.1692453069687,2000,31446000,9966.714620179966,70903
17,205,1647.1362143840197,102.731482423348,0.1982664609053498,1000,4000,1312.8283731425895,1000,46000,5308.224194015362,117435
18,205,1958.5681481556603,104.585510866073,0.6709156378600823,1000,27000,3289.1421942577576,1000,7000,1613.3356030085806,158614
13,206,312.34906191755,96.6912814714974,0.0007986111111111112,1000,1000,1000.0,10000,43592000,1185235.4838709678,621
15,206,981.3484626172003,99.3641544478774,0.04068287037037037,1000,6000,3641.229281767956,19000,36254000,82733.27961321516,8688
17,206,1621.1665140105297,102.58536961825,0.19820987654320987,1000,6000,1357.1070079509734,1000,37000,5489.706788764639,113571
14,207,628.2018206871498,97.8718916945269,0.0008127572016460906,1000,1000,1000.0,6000,43981000,1164808.24088748,632
16,207,1279.8522384627004,100.779322676317,0.09113811728395062,1000,2000,1053.9081553744572,2000,31516000,10508.900554704578,67244
17,207,1595.4060783068398,102.441683252363,0.19818672839506174,1000,8000,1396.6703220017944,1000,31000,5650.47127061809,110341
15,208,934.1421696068301,99.1535911749635,0.04059156378600823,1000,3000,1750.1524812863877,8000,36208000,39845.957635577244,18035
17,208,1569.85222223473,102.30036973816,0.19820344650205762,1000,24000,1412.546970946751,1000,50000,5714.0657507629985,109110
14,209,583.4782955477503,97.6961736369627,0.0007600308641975309,1000,1000,1000.0,22000,43885000,1245777.9661016949,591
15,209,910.8216590340999,99.0508629515864,0.040588991769547327,1000,2000,1433.268243948958,6000,36147000,32595.32243415077,22021
16,209,1230.9647951240404,100.537404301964,0.08351980452674897,1000,2000,1141.1076360825105,3000,32302000,12521.1990230703,56914
17,209,1544.50230789965,102.161376994623,0.19808770576131687,1000,20000,1410.390704403322,1000,40000,5709.308500897338,109213
18,209,1851.9478444447705,103.929160610088,0.6713374485596708,1000,22000,3150.19853482506,1000,12000,1542.2326552533598,165714
17,210,1519.35374350225,102.024654394712,0.19811728395061728,1000,8000,1393.163320672816,1000,147000,5638.801219037973,110580
14,211,539.4624258849099,97.5260418114002,0.0008166152263374486,1000,1000,1000.0,14000,43983000,1159069.4006309148,635
15,211,864.7339872590201,98.8503337603906,0.04050411522633745,1000,2000,1107.2206988680307,4000,36117000,25248.62014413781,28446
16,211,1182.8508924869602,100.303262207105,0.07576003086419753,1000,2000,1293.638419815982,4000,33226000,15780.754534674337,45539
17,211,1494.4039823180701,101.890152715054,0.19801826131687242,1000,6000,1354.221084755899,1000,235000,5482.9994195352765,113703
18,211,1799.9036528916604,103.617067674422,0.6715985082304526,1000,32000,3288.198663904647,1000,6000,1607.8894345800277,158821
15,212,841.9621809200098,98.7524638092224,0.040497685185185185,1000,2000,1035.3772809469012,4000,36124000,23604.03103833761,30415
17,212,1469.6505217045597,101.757824087756,0.19800925925925925,1000,4000,1313.2164301310045,1000,84000,5318.771482425989,117248
14,213,496.13646469090963,97.3612652261634,0.0008153292181069958,1000,1000,1000.0,11000,43678000,1160985.7819905214,634
16,213,1135.4911312346203,100.076568436221,0.07561856995884773,1000,3000,1651.1105495184343,6000,33159000,20183.337077389642,35613
17,213,1445.0909021345196,101.627621954227,0.19798996913580247,1000,4000,1276.8884981587764,1000,111000,5172.139237461744,120572
15,214,796.9513133326,98.5613474868555,0.0008037551440329218,1000,1000,1000.0,16000,44067000,1178416.6666666667,625
17,214,1420.7227062551501,101.499501020906,0.1979565329218107,1000,4000,1256.6103659681462,1000,49000,5091.1703239289445,122497
19,214,2020.44221102779,104.977090513527,0.6048070987654321,1000,21000,2909.971784971785,1000,10000,1901.44479163444,161616
14,215,453.48327122922,97.2016247018721,0.0008037551440329218,1000,1000,1000.0,10000,43986000,1177405.4487179487,625
16,215,1088.8667747673599,99.8570123427264,0.06714763374485597,1000,5000,2378.119876115868,10000,34025000,33033.38647232977,21956
17,215,1396.5435579719096,101.373417216811,0.09129501028806584,1000,1000,1000.0,1000,31509000,9953.261022679251,70991
18,215,1698.2422378440597,103.022745723008,0.19829218106995886,1000,4000,1251.4060788053403,1000,59000,5059.376369568393,123215
19,215,1994.4020228460704,104.81132169214,0.6707085905349794,1000,32000,3520.608883488592,1000,6000,1728.4914843491586,148140
17,216,1372.5511215564802,101.249327652811,0.09130658436213991,1000,1000,1000.0,2000,31489000,9952.069747461232,71000
19,216,1968.5629175195609,104.648226954862,0.6710133744855967,1000,28000,3339.2637722711447,1000,7000,1637.1956097404884,156256
15,217,730.7340816542601,98.2857603043516,0.0007998971193415638,1000,1000,1000.0,12000,44052000,1183967.7938808373,622
16,217,1042.9597206544904,99.6442994779082,0.06702031893004115,1000,13000,5693.761608215886,1000,33935000,79263.76748251748,9153
17,217,1348.7431007779496,101.127190582545,0.0912448559670782,1000,1000,1000.0,2000,31479000,9958.985778917844,70952
18,217,1648.5851660427797,102.739672047391,0.19820987654320987,1000,4000,1310.24457422662,1000,39000,5299.994899347116,117633
19,217,1942.9224220792403,104.487748308265,0.671005658436214,1000,25000,3227.5811729483303,1000,5000,1582.494123469009,161661
15,218,708.9996026300796,98.1967343628893,0.0008191872427983539,1000,1000,1000.0,2000,44310000,1155622.641509434,637
17,218,1325.1172380567104,101.006965364901,0.0912011316872428,1000,2000,1001.270683910318,2000,31447000,9976.915583040365,70828
19,218,1917.4781051823102,104.329829382629,0.6711316872427984,1000,18000,3158.59172149156,1000,6000,1547.7841933882896,165223
14,219,370.1295005662196,96.896929887731,0.0008024691358024691,1000,1000,1000.0,26000,43590000,1179473.5152487962,624
16,219,997.7524735657098,99.4381505649166,0.04069958847736625,1000,10000,6123.839009287925,33000,36248000,139138.18463324948,5168
17,219,1301.6713136401604,100.888612427989,0.09116126543209876,1000,2000,1020.8822385759753,2000,31524000,10175.917391554813,69437
19,219,1892.22757622449,104.174415374683,0.6712692901234568,1000,60000,3129.6519471175466,1000,8000,1532.6470165003836,166785
17,220,1278.4031447997304,100.772093234528,0.09106995884773662,1000,2000,1056.4821721617186,2000,31985000,10538.841397007265,67030
19,220,1867.1684844752308,104.021452992846,0.6713567386831276,1000,448000,3135.643409735236,1000,208000,1534.9727005712157,166488
14,221,329.3974448842,96.7514900401074,0.0008050411522633745,1000,1000,1000.0,4000,43597000,1175622.4,626
15,221,644.7813663075904,97.9377690460381,0.0008101851851851852,1000,1000,1000.0,26000,43997000,1168861.6852146264,630
16,221,953.2281195928199,99.2383005501687,0.04061856995884774,1000,4000,2187.7813950266677,11000,36234000,49763.16154059296,14437
18,221,1551.5236437371304,102.199756238267,0.1981545781893004,1000,38000,1413.7405840849244,1000,80000,5720.295439948619,108991
19,221,1842.2985182350694,103.870890404808,0.6714107510288065,1000,25000,3165.1540779271168,1000,10000,1549.0396973591678,164949
17,222,1232.3915233787202,100.54440690365,0.0835133744855967,1000,2000,1136.705758795729,3000,32251000,12474.014948625041,57130
19,222,1817.6154040145802,103.722677187372,0.6714917695473251,1000,44000,3227.244352421274,1000,6000,1578.8471760386665,161795
15,223,602.7705420592001,97.7716182730613,0.0007998971193415638,1000,1000,1000.0,10000,43872000,1183579.7101449275,622
16,223,909.3703018784499,99.0444977253138,0.04056584362139918,1000,2000,1417.2619849934852,6000,36162000,32272.016534867,22257
17,223,1209.64388351889,100.43316757181,0.08349279835390946,1000,2000,1213.1698931160774,3000,32274000,13316.173035597496,53516
18,223,1504.0832046722599,101.942198102323,0.1981005658436214,1000,6000,1370.8308119460364,1000,63000,5548.949462049817,112372
19,223,1793.1169057341103,103.576764278396,0.6716743827160494,1000,139000,3313.291380141592,1000,7000,1619.595901925334,157636
15,224,581.9997989592302,97.6904138910281,0.0007754629629629629,1000,1000,1000.0,24000,43869000,1221016.611295681,603
17,224,1187.0656232094398,100.323617534276,0.08342078189300411,1000,2000,1316.5820986401461,4000,32230000,14465.383912805211,49270
19,224,1768.8008239438605,103.433103930764,0.6717206790123457,1000,45000,3407.1962531473823,1000,15000,1665.1489553231877,153302
16,225,866.1631974741504,98.8565029136162,0.04051697530864198,1000,2000,1113.4435962680238,4000,36162000,25381.551510867645,28296
17,225,1164.65473349688,100.215722952901,0.07574074074074075,1000,2000,1402.4526729372544,5000,33576000,17107.967804924512,41995
19,225,1744.6649950635901,103.291649668264,0.6718904320987654,1000,25000,3531.22233111419,1000,9000,1724.4346215715696,147955
15,226,540.9184095473502,97.5316253445825,0.0008011831275720164,1000,1000,1000.0,16000,43928000,1181578.7781350482,623
17,226,1142.4092380454404,100.109450842818,0.07569315843621399,1000,3000,1581.6784457044582,5000,33120000,19313.554767279373,37213
19,226,1720.7072906413596,103.152356243282,0.6718557098765432,1000,40000,3703.5054761989154,1000,6000,1808.8598083139568,141065
15,227,520.6041563868403,97.4539942401634,0.0008101851851851852,1000,1000,1000.0,8000,43793000,1168443.561208267,630
16,227,823.5914953556503,98.6740887152249,0.04048868312757202,1000,2000,1006.0393034030996,3000,36128000,22938.742250910716,31295
17,227,1120.3271924661203,100.00476904609,0.06725437242798354,1000,3000,1771.0386399810357,7000,34066000,24556.35329179084,29529
18,227,1411.2973695355104,101.450228749351,0.1979565329218107,1000,3000,1249.3588078696189,1000,42000,5061.9039502625665,123208
19,227,1696.9256166308796,103.015179596224,0.19834104938271604,1000,4000,1252.548057791169,1000,290000,5062.534515804177,123133
20,227,1977.5838868120609,104.705009598923,0.670883487654321,1000,108000,3393.3652063615964,1000,12000,1664.693561606411,153735
17,228,1098.4066836622696,99.9016462063434,0.06719135802469135,1000,4000,2146.5017871081714,9000,34020000,29799.835661462614,24341
15,229,480.41973285731,97.3021452529068,0.0007986111111111112,1000,1000,1000.0,4000,43778000,1185403.2258064516,621
16,229,781.6403755277097,98.4970388063477,0.0008153292181069958,1000,1000,1000.0,3000,44058000,1161725.1184834123,634
17,229,1076.6458291914496,99.8000517443328,0.06711162551440329,1000,5000,2772.4592254157146,12000,33993000,38539.262565083416,18823
18,229,1365.9193811261903,101.21520659323,0.09128472222222223,1000,1000,1000.0,2000,31540000,9952.734496069426,70983
19,229,1649.8821514772799,102.747006105551,0.19827932098765433,1000,4000,1308.73440285205,1000,58000,5291.522718977328,117810
20,229,1928.9039244743308,104.400579673328,0.6711046810699588,1000,68000,3183.3187948735153,1000,4000,1560.0858892711612,163933
17,230,1055.0427766430203,99.699955834401,0.06703575102880659,1000,8000,4057.523157157313,20000,33990000,56471.742176553016,12847
19,230,1626.6163380139296,102.615926740159,0.198247170781893,1000,6000,1347.6086823494445,1000,60000,5449.7517308902725,114393
16,231,740.2954891556901,98.3251472878344,0.0007986111111111112,1000,1000,1000.0,9000,44084000,1185927.4193548388,621
17,231,1033.59570303098,99.6013293817935,0.04071502057613169,1000,17000,10772.371554950663,60000,36280000,244747.44724302247,2939
19,231,1603.5185089976803,102.48679903878,0.1982124485596708,0,8000,1385.7371477891859,1000,105000,5605.4034614520115,111226
20,231,1880.9274337464904,104.105282047587,0.6712860082304527,1000,24000,3128.829428230626,1000,12000,1532.128128896135,166833
15,232,421.22773948343,97.0825815394025,0.0008127572016460906,1000,1000,1000.0,2000,43804000,1164587.9556259904,632
17,232,1012.3028142016701,99.5041440007918,0.04071502057613169,1000,26000,16302.780638516993,1000,36363000,370333.8485316847,1942
19,232,1580.5867321810301,102.359584328018,0.19818415637860082,1000,14000,1406.402861940571,1000,78000,5689.810631987223,109576
15,233,401.7796835110703,97.0115002516211,0.0008050411522633745,1000,1000,1000.0,9000,43683000,1175768.0,626
16,233,699.5429396648997,98.1582180791049,0.0008140432098765432,1000,1000,1000.0,2000,43926000,1163185.1265822784,633
17,233,991.1623442558903,99.4083719936307,0.04068544238683128,1000,8000,4797.119029567854,25000,36230000,109005.45950864423,6595
18,233,1277.1156374288303,100.765672954407,0.09113940329218106,1000,2000,1059.0731802083178,2000,31670000,10558.775180823719,66917
19,233,1557.8191057456597,102.234244910874,0.1980349794238683,1000,330000,1414.3926521239955,1000,706000,5719.905578926098,108875
20,233,1833.6382890820605,103.818751077441,0.6715946502057614,1000,28000,3180.9277848162947,1000,6000,1555.4621592812548,164176
17,234,970.1725549849998,99.3139863301664,0.040641718106995885,1000,5000,2866.485260770975,15000,36207000,65151.215529753266,11025
19,234,1535.2137576951,102.110744036127,0.19835133744855968,1000,12000,1406.5623404100095,1000,376000,5684.6108248597875,109656
16,235,659.3692647527296,97.9960643537424,0.0008024691358024691,1000,1000,1000.0,17000,43905000,1180008.025682183,624
17,235,949.3317353206703,99.2209606282627,0.04061985596707819,1000,3000,2078.5733087654644,10000,36184000,47285.68608094768,15196
18,235,1233.6602883940204,100.55063709156,0.08348251028806584,1000,2000,1133.0726803044056,3000,32310000,12439.615297341641,57292
19,235,1512.7688452621596,101.989045868901,0.19809413580246912,1000,8000,1384.5614539701944,1000,75000,5604.442127403306,111254
15,236,344.2609507338602,96.8043020472609,0.0007986111111111112,1000,1000,1000.0,8000,43880000,1185045.1612903227,621
17,236,928.63820079783,99.1292691348677,0.04062242798353909,1000,3000,1659.7309794031105,8000,36140000,37747.51720876465,19032
19,236,1490.4825543305196,101.869115462337,0.19806327160493828,1000,6000,1347.7016774735516,1000,42000,5456.562067939586,114279
16,237,619.7614192622796,97.8385080134154,0.0007960390946502058,1000,1000,1000.0,15000,43877000,1189448.220064725,619
17,237,908.0902930304301,99.0388867077497,0.0405761316872428,1000,2000,1404.683465408245,6000,36138000,31980.677618984017,22462
19,237,1468.3530988701395,101.750918730329,0.1980298353909465,1000,4000,1311.127572436929,1000,44000,5309.614631405071,117447
20,237,1741.0600355247097,103.270618991066,0.6717978395061729,1000,22000,3548.9174371760296,1000,9000,1733.8107013777549,147197
15,238,306.5875536593403,96.6710222355695,0.0008114711934156379,1000,1000,1000.0,16000,43610000,1166225.396825397,631
19,238,1446.3787203862403,101.634422421287,0.19796939300411523,1000,4000,1277.9853224413894,1000,66000,5176.954049230003,120456
16,239,580.7067588692198,97.6853791971009,0.0008050411522633745,1000,1000,1000.0,26000,43846000,1175864.0,626
17,239,867.4248515548497,98.8619514323466,0.04054912551440329,1000,2000,1119.3907980687304,4000,36098000,25495.011893350376,28168
18,239,1148.57206441167,100.13880999226,0.07569315843621399,1000,3000,1526.3867638287388,5000,33170000,18638.407676348546,38561
19,239,1424.5576873811797,101.519594092864,0.1980246913580247,1000,4000,1259.3149923124734,1000,59000,5099.840523410346,122276
20,239,1695.7411166294496,103.008375554788,0.19834876543209876,0,4000,1253.4009459261788,1000,56000,5065.727775836428,123054
17,240,847.3041269247296,98.775351198042,0.040478395061728394,1000,2000,1047.9773597469618,4000,36157000,23903.942198841312,30035
19,240,1402.8882948292603,101.406402087611,0.09131172839506173,1000,1000,1000.0,1000,31627000,9948.875399631,71004
16,241,542.1930245368003,97.5365158228533,0.0007986111111111112,1000,1000,1000.0,16000,43792000,1185612.9032258065,621
17,241,827.3226462421298,98.6899652256552,0.04044367283950617,1000,2000,1009.7607962754856,3000,36075000,23050.05779604418,31145
18,241,1106.91225181777,99.9415662548252,0.06717463991769547,1000,4000,1980.774335444238,8000,34013000,27504.891922639363,26371
19,241,1381.3688636636398,101.294815509531,0.09119855967078189,1000,1000,1000.0,2000,31534000,9964.605513643093,70916
20,241,1651.0498868249297,102.75361201241,0.19826774691358023,1000,4000,1306.3294356888664,1000,44000,5282.2426897363985,118020
17,242,807.4788740783397,98.6057711743924,0.00082690329218107,1000,1000,1000.0,8000,44149000,1145180.6853582554,643
19,242,1359.9977402755403,101.184804201469,0.09128986625514403,1000,1000,1000.0,2000,31470000,9953.652832952977,70987
16,243,504.20832769700974,97.3917631596122,0.0008050411522633745,1000,1000,1000.0,6000,43778000,1175950.4,626
17,243,787.7712981889199,98.5227472171371,0.0008076131687242799,1000,1000,1000.0,3000,44059000,1172685.8054226476,628
19,243,1338.7732960248804,101.076338723323,0.0912448559670782,1000,1000,1000.0,2000,31437000,9959.53545404575,70952
20,243,1606.97255065,102.506045306941,0.19827160493827162,1000,8000,1381.8149226977368,1000,36000,5587.466614085719,111575
17,244,768.1984290700302,98.4408720261171,0.0008127572016460906,1000,1000,1000.0,14000,44062000,1165215.530903328,632
19,244,1317.6939267625003,100.96939033103,0.09122427983539094,1000,2000,1005.4998015535522,2000,31511000,10015.663316654145,70548
16,245,466.74113611807024,97.2509734267635,0.0008101851851851852,1000,1000,1000.0,20000,43687000,1168306.8362480127,630
17,245,748.7587995249196,98.3601247590491,0.0008050411522633745,1000,1000,1000.0,6000,44030000,1176424.0,626
18,245,1025.2969115796805,99.5633653672628,0.040724022633744854,1000,48000,30016.11374407583,1000,36405000,682177.4193548387,1055
19,245,1296.7580523632996,100.863930956301,0.09117541152263374,1000,2000,1026.986311291374,2000,31424000,10236.130022887273,69035
17,246,729.4509642405001,98.2804850457395,0.0007986111111111112,1000,1000,1000.0,15000,43996000,1185717.7419354839,621
19,246,1275.96411627018,100.759933187064,0.09117026748971194,1000,2000,1061.3192011736878,2000,31412000,10579.172717337606,66798
16,247,429.7802604213002,97.1140054193673,0.0008024691358024691,1000,1000,1000.0,2000,43897000,1179186.1958266452,624
17,247,710.2734993736403,98.2019329751254,0.0008024691358024691,1000,1000,1000.0,2000,44165000,1179722.3113964687,624
18,247,985.3168062607901,99.3820158304367,0.040636574074074075,1000,7000,4038.7269938650306,21000,36222000,91888.53381055861,7824
20,247,1520.6064291564198,102.031437374253,0.1980864197530864,1000,8000,1395.0152151862048,1000,61000,5647.212788117557,110416
17,248,691.2250021467999,98.1244490827382,0.0008114711934156379,1000,1000,1000.0,16000,43915000,1166857.142857143,631
19,248,1234.7959479506499,100.5562159853,0.08351080246913581,1000,2000,1129.8477598956067,3000,32283000,12399.171799422347,57475
16,249,393.31484121250014,96.9807241571451,0.0008166152263374486,1000,1000,1000.0,6000,43751000,1158974.76340694,635
17,249,672.3040904530699,98.048014338574,0.0008114711934156379,1000,1000,1000.0,7000,43960000,1166676.1904761905,631
19,249,1214.4187164905898,100.45644484313,0.08348379629629629,1000,2000,1195.6790009761849,3000,32302000,13125.930155455684,54293
20,249,1478.2920585032698,101.803894862568,0.19803883744855966,1000,5000,1328.1842958669702,1000,57000,5378.185832693651,115944
17,250,653.5094024699702,97.9726101353551,0.0008037551440329218,1000,1000,1000.0,4000,43907000,1178019.2307692308,625
19,250,1194.1774240280301,100.358031852595,0.0834593621399177,1000,2000,1281.0501381760757,4000,32214000,14068.12215006218,50660
16,251,357.3343367951702,96.8510005554828,0.0008050411522633745,1000,1000,1000.0,3000,43665000,1175580.8,626
17,251,634.8395962821096,97.8982182771677,0.0008037551440329218,1000,1000,1000.0,11000,43869000,1177958.3333333333,625
18,251,906.9529795955596,99.0339033489531,0.04057098765432099,1000,2000,1392.3559007855945,6000,36466000,31666.946197643112,22658
19,251,1174.07062536197,100.26095261236,0.0757201646090535,1000,2000,1342.2084435123552,4000,33139000,16383.454533020265,43868
20,251,1436.5403816204698,101.582545172327,0.19799125514403293,1000,4000,1268.7835309824218,1000,37000,5139.2098366600185,121343
17,252,616.2933495122998,97.8248209684623,0.0007921810699588477,1000,1000,1000.0,24000,43837000,1195159.349593496,616
19,252,1154.0968963334199,100.165183273386,0.07567001028806584,1000,3000,1480.2767295597484,5000,33125000,18080.75674859745,39750
16,253,321.82851143488006,96.7247111168509,0.0007998971193415638,1000,1000,1000.0,4000,43656000,1183268.921095008,622
17,253,597.8693589609002,97.7524008034026,0.0007973251028806584,1000,1000,1000.0,12000,43966000,1187319.8707592892,620
18,253,868.5467835685904,98.8667986167336,0.040524691358024695,1000,2000,1123.7028848554007,4000,36125000,25603.059696170032,28043
19,253,1134.2548334370404,100.070700523616,0.06728395061728396,1000,3000,1605.1541647491947,6000,34026000,22250.41418666012,32595
20,253,1395.3395209903301,101.367165726993,0.09127957818930041,1000,1000,1000.0,1000,31509000,9952.760010143988,70979
17,254,579.56634025324,97.6809407555502,0.0008140432098765432,1000,1000,1000.0,1000,43856000,1163017.405063291,633
19,254,1114.54305344141,99.9774815731669,0.06724408436213991,1000,3000,1855.8651286601598,7000,33997000,25740.39894938596,28175
19,255,1094.9601930177396,99.8855041400048,0.0671682098765432,1000,4000,2225.1097005069655,9000,33966000,30901.201431492842,23473
17,256,543.3181729346697,97.5408347430669,0.0007908950617283951,1000,1000,1000.0,18000,43758000,1197006.5146579805,615
19,256,1075.50490837687,99.7947464361067,0.067119341563786,1000,5000,2817.838246409675,13000,34005000,39158.90070730522,18522
17,257,525.3705466347201,97.4721565341716,0.0008037551440329218,1000,1000,1000.0,10000,43868000,1177854.1666666667,625
18,257,793.2320493479501,98.5456932941409,0.0007986111111111112,1000,1000,1000.0,24000,44768000,1186125.8064516129,621
19,257,1056.17587491419,99.7051871540637,0.066997170781893,1000,8000,3951.232461130072,20000,33972000,54982.782160194176,13185
20,257,1314.5444361076397,100.953477177157,0.09119598765432099,1000,2000,1007.931093296947,2000,31470000,10043.195224220028,70356
17,258,507.53893614837034,97.4043739354852,0.0007986111111111112,1000,1000,1000.0,6000,43731000,1185443.5483870967,621
19,258,1036.9717868624402,99.6168054541248,0.06698816872427983,1000,17000,7305.750350631136,1000,33926000,101763.64146444101,7130
17,259,489.82214620462037,97.3374716737501,0.0008088991769547325,1000,1000,1000.0,21000,43746000,1170234.076433121,629
18,259,756.3029156910297,98.3913937562435,0.0008063271604938271,1000,1000,1000.0,6000,43954000,1174515.9744408946,627
19,259,1017.89135695205,99.5295809516591,0.04072145061728395,1000,76000,47688.25301204819,1000,36563000,1083990.9502262443,664
20,259,1274.9281177427101,100.754771182807,0.09112397119341564,1000,2000,1063.1198331607927,2000,31381000,10601.890472618155,66651
17,260,472.21899839971957,97.2714347996118,0.0008076131687242799,1000,1000,1000.0,12000,43804000,1172226.4752791068,628
19,260,998.9333160789502,99.4434937050207,0.04066486625514403,1000,10000,6446.687054026504,35000,36282000,146588.4991843393,4905
17,261,454.72833089533015,97.2062486793356,0.0008037551440329218,1000,1000,1000.0,10000,43784000,1177826.923076923,625
19,261,980.0964129795202,99.3585242038012,0.040671296296296296,1000,6000,3530.869710840683,18000,36238000,80232.46985261278,8957
20,261,1235.81840413781,100.561240639316,0.09110468106995885,1000,2000,1158.739245641009,3000,31636000,11560.00457987798,61138
17,262,437.3489981233697,97.1418989867741,0.0008011831275720164,1000,1000,1000.0,2000,44317000,1181567.5241157557,623
19,262,961.3794139126703,99.2746533574558,0.04067001028806584,1000,4000,2467.233577781245,12000,36254000,56066.240149801044,12818
17,263,420.07987049704025,97.0783716955765,0.0007921810699588477,1000,1000,1000.0,2000,43649000,1194738.2113821139,616
18,263,683.8517845576298,98.0946008255824,0.0008076131687242799,1000,1000,1000.0,10000,43902000,1172515.1515151516,628
19,263,942.7811023486802,99.191862484288,0.04064557613168724,1000,3000,1922.2722296557597,9000,36275000,43703.3635423636,16442
20,263,1197.2050088405203,100.372708184604,0.08349665637860082,1000,2000,1267.1897261744443,4000,32402000,13909.126395503163,51237
17,264,402.9198341282099,97.0156530716299,0.0008024691358024691,1000,1000,1000.0,9000,43710000,1179243.9807383628,624
19,264,924.3002786647703,99.11013330078,0.040601851851851854,1000,3000,1596.4805825242718,7000,36228000,36332.945638432364,19776
17,265,385.8677905507602,96.9537296657267,0.0008037551440329218,1000,1000,1000.0,17000,43716000,1177777.2435897435,625
18,265,648.3108753259403,97.9518449509199,0.0007973251028806584,1000,1000,1000.0,4000,43936000,1187691.437802908,620
19,265,905.9357598472197,99.0294479112561,0.04058256172839506,1000,2000,1383.3508679642293,6000,36137000,31489.369163999825,22812
17,266,368.92265644984036,96.8925883064484,0.0008050411522633745,1000,1000,1000.0,3000,43653000,1175603.2,626
17,267,352.0833633969296,96.8322160932589,0.0007908950617283951,1000,1000,1000.0,16000,43676000,1196736.1563517915,615
19,267,869.5509860581797,98.8711388108836,0.04052854938271605,1000,2000,1129.1651737728412,4000,36111000,25720.018631982515,27910
20,267,1121.4274424693203,100.009965853237,0.06729938271604938,1000,3000,1759.0588235294117,7000,34128000,24378.73541967797,29750
17,268,335.34885759041026,96.772600389801,0.0007973251028806584,1000,1000,1000.0,13000,44810000,1185843.295638126,620
19,268,851.5284455110504,98.7934811592858,0.04050668724279836,1000,2000,1060.217442525834,4000,36153000,24163.423993537093,29709
17,269,318.7180996016996,96.7137288173878,0.0007986111111111112,1000,1000,1000.0,25000,43587000,1185061.2903225806,621
18,269,578.5530273756403,97.6769985681077,0.0007960390946502058,1000,1000,1000.0,1000,43927000,1189368.932038835,619
19,269,833.6176381262003,98.7167994016425,0.040478395061728394,1000,2000,1018.8386094387259,3000,36039000,23231.08794872625,30894
20,269,1084.24408409455,99.8354378346911,0.06715534979423868,1000,5000,2510.9390777515987,11000,33964000,34878.390075014424,20797
17,270,302.1900641266402,96.6555892486831,0.0008050411522633745,1000,1000,1000.0,5000,43628000,1175520.0,626
19,270,815.8174596830604,98.641077437265,0.04046424897119342,1000,2000,1001.4959577312369,3000,36094000,22840.755005251933,31418
18,271,544.3186892589501,97.5446767712136,0.0008101851851851852,1000,1000,1000.0,18000,43816000,1168543.720190779,630
19,271,798.1268209105401,98.5662994976287,0.0008024691358024691,1000,1000,1000.0,16000,44002000,1180260.0321027287,624
20,271,1047.5186507160297,99.6652708929703,0.0669945987654321,1000,11000,4914.622641509434,1000,33948000,68447.77809227286,10600
19,272,780.5446472303602,98.4924501380518,0.0007998971193415638,1000,1000,1000.0,3000,44073000,1184075.6843800321,622
19,273,763.0698785057702,98.4195142296221,0.0008076131687242799,1000,1000,1000.0,10000,44090000,1172709.7288676235,628
20,273,1011.2421853160404,99.4993220601654,0.04072145061728395,1000,23000,14498.626373626374,1000,36338000,329273.4768666972,2184
19,274,745.7014687954197,98.3474769513639,0.0008114711934156379,1000,1000,1000.0,16000,44163000,1167006.349206349,631
18,275,477.0974295959604,97.2896924183088,0.0007973251028806584,1000,1000,1000.0,4000,43848000,1187334.410339257,620
19,275,728.4383861123297,98.276323782636,0.0008140432098765432,1000,1000,1000.0,15000,43980000,1163210.4430379746,633
19,276,711.2796121878,98.2060404957524,0.0007986111111111112,1000,1000,1000.0,2000,44078000,1185838.7096774194,621
18,277,444.0944703795003,97.1668253785245,0.0007973251028806584,1000,1000,1000.0,16000,43712000,1187319.8707592892,620
19,277,694.2241422401403,98.1366131488196,0.0007973251028806584,1000,1000,1000.0,19000,43994000,1187702.746365105,620
20,277,940.0015180399196,99.1795358657057,0.040609567901234565,1000,3000,1862.0201662833892,9000,36431000,42363.07347564571,16959
19,278,677.2709847481801,98.0680280787809,0.0008037551440329218,1000,1000,1000.0,18000,43935000,1178048.076923077,625
19,279,660.4191612292798,98.000271894663,0.0008076131687242799,1000,1000,1000.0,17000,43923000,1172433.8118022329,628
20,279,905.0205659127096,99.0254407255615,0.040554269547325106,1000,2000,1374.6131380497798,6000,36213000,31304.795117698344,22941
19,280,643.6677060219099,97.9333314710156,0.0008153292181069958,1000,1000,1000.0,21000,43895000,1161436.018957346,634
18,281,379.26537153272966,96.929860257694,0.0007998971193415638,1000,1000,1000.0,10000,43657000,1183289.8550724639,622
19,281,627.0156660726298,97.8671939415401,0.0008024691358024691,1000,1000,1000.0,6000,43942000,1179688.6035313,624
20,281,870.4550660953701,98.8750476041236,0.04051954732510288,1000,2000,1133.9931617779378,4000,36142000,25840.519723581918,27785
19,282,610.4621007272899,97.8018466928984,0.0008063271604938271,1000,1000,1000.0,8000,43844000,1174282.747603834,627
18,283,347.42442316628967,96.8155808247218,0.0008024691358024691,1000,1000,1000.0,12000,43593000,1179364.3659711075,624
19,283,594.0060815264196,97.7372773586983,0.0008088991769547325,1000,1000,1000.0,14000,44005000,1170108.280254777,629
20,283,836.2971798247299,98.728240088803,0.04052340534979424,1000,2000,1023.6161642411643,4000,36062000,23318.61741870513,30784
19,284,577.6466920048097,97.6734738136478,0.0008011831275720164,1000,1000,1000.0,1000,44044000,1181590.0321543408,623
19,286,545.2141949342804,97.5481167613978,0.0007960390946502058,1000,1000,1000.0,20000,43776000,1189488.6731391586,619
19,287,529.1393126767298,97.4865401587694,0.0008088991769547325,1000,1000,1000.0,10000,43808000,1170393.3121019108,629
20,287,769.1738959794002,98.4449388261577,0.0008114711934156379,1000,1000,1000.0,14000,44293000,1167050.7936507936,631
19,288,513.15751030726,97.4256831438425,0.0008101851851851852,1000,1000,1000.0,15000,43852000,1168540.5405405406,630
19,289,497.26792846059016,97.3655347146993,0.0008114711934156379,1000,1000,1000.0,11000,43754000,1166553.9682539683,631
20,289,736.1938045208499,98.308234216396,0.0007998971193415638,1000,1000,1000.0,9000,44037000,1183979.0660225442,622
19,290,481.4697186432404,97.3060840787122,0.0007908950617283951,1000,1000,1000.0,4000,43767000,1196848.5342019545,615
19,291,465.7620430590796,97.24732064774,0.0008011831275720164,1000,1000,1000.0,7000,43747000,1181546.6237942122,623
20,291,703.59192645438,98.1746930906704,0.0007973251028806584,1000,1000,1000.0,2000,44104000,1187651.0500807755,620
19,292,450.14407443828986,97.1892340334545,0.0008024691358024691,1000,1000,1000.0,13000,43711000,1179558.5874799357,624
19,293,434.6149958695796,97.1318140427941,0.0007998971193415638,1000,1000,1000.0,2000,43809000,1183236.7149758453,622
20,293,671.3613694755104,98.0442198059676,0.0008024691358024691,1000,1000,1000.0,7000,43988000,1180064.2054574639,624
19,294,419.1740006356904,97.0750506735388,0.0008037551440329218,1000,1000,1000.0,24000,43682000,1177719.5512820513,625
19,295,403.8202920520598,97.0189341100036,0.0008011831275720164,1000,1000,1000.0,9000,43678000,1181437.29903537,623
19,296,388.5530833085104,96.9634547188477,0.0007986111111111112,1000,1000,1000.0,6000,43638000,1185117.7419354839,621
19,297,373.3715973140597,96.9086030449935,0.0007690329218106996,1000,1000,1000.0,18000,44284000,1230068.676716918,598
20,297,607.9875018111597,97.7921119997315,0.0008204732510288066,1000,1000,1000.0,19000,43935000,1154040.8163265307,638
19,298,358.27506654462013,96.8543698076545,0.0007973251028806584,1000,1000,1000.0,3000,43617000,1187059.773828756,620
19,299,343.2627328935596,96.8007458964668,0.0008076131687242799,1000,1000,1000.0,8000,43753000,1171931.4194577353,628
20,299,576.8312427805804,97.6703035240974,0.0007986111111111112,1000,1000,1000.0,1000,43819000,1185641.935483871,621
19,300,328.3338475251903,96.7477223677223,0.0007818930041152264,1000,1000,1000.0,4000,44090000,1210462.9324546952,608
19,301,313.4876707308904,96.6952904407002,0.0008063271604938271,1000,1000,1000.0,15000,43561000,1173730.0319488817,627
20,301,546.02039795974,97.5512146809703,0.0008204732510288066,1000,1000,1000.0,20000,43767000,1153783.3594976452,638
20,303,515.5488807273496,97.4347662572676,0.0008063271604938271,1000,1000,1000.0,24000,43911000,1174078.2747603834,627
20,307,455.6002106133601,97.2094880023327,0.0008011831275720164,1000,1000,1000.0,10000,43685000,1181503.2154340837,623
20,309,426.11159934692023,97.1005135646685,0.0008037551440329218,1000,1000,1000.0,2000,43692000,1177581.7307692308,625
20,311,396.93939046552987,96.9938901035193,0.0008037551440329218,1000,1000,1000.0,16000,43711000,1177543.2692307692,625
20,313,368.0781868908798,96.8895515346686,0.0007960390946502058,1000,1000,1000.0,3000,43673000,1188935.2750809062,619
20,317,311.26783254159,96.687476142326,0.0008024691358024691,1000,1000,1000.0,10000,43595000,1179357.9454253612,624
